gender,age,occupation,education,income,children,ethnicity,ev_owner,ev_count,ev_motivation,ev_type,ev_model,ev_range,ev_experience,public_charging_frequency,charger_compatibility,home_type,home_charging_method,daily_trips,trip_purpose,parking_location,parking_duration,daily_distance,max_wait_time,preferred_charge_time,location_flexibility,weekly_charge_frequency,avg_charge_duration,info_preference,walking_distance,ac_vs_dc_preference,charger_choice_reason,travel_to_charger,satisfaction_score,memorable_experience,difficulty_finding_station,accessibility_importance,station_choice_factors,improvement_suggestions,facility_improvement_ideas,statements_agreement,user_involvement_belief,charging_effect_on_time,recharge_threshold,future_features,long_trip_planning,newcastle_distribution_rating,parking_habits_effect,parking_convenience,pc
Male,35-44,Employed,Bachelor's degree,"£50,001 - £70,000",Yes - children aged 5 to 10 years old,White,Yes,1,Other (please specify),Battery EV (exclusively powered by a rechargeable battery),Volvo XC90 Twin Engine,300-400 km,1-3 years,Weekly,Not sure,Single family house/townhouse with dedicated parking,I do not charge at home,3 to 4,Work/School,Home,More than 8 hours,30km to 50km,< 10 minutes.,6pm to 12am,Somewhat flexible (can be a minor detour),3 to 4 times,1 to 3 hours,In-car navigation system,Less than 1km,DC Charger,Cost.,1km to 3km,1.0,I once needed a charge while travelling on the motorway and had to wait 30 mins for one to be available ,Yes,5.0,"Proximity to my destination, Cost of charging, Safety and security of the location",Have more of them,Increase the number of charging stations,I charge my vehicle earlier in the day or later at night to avoid peak energy usage hours.,Yes,Increases travel time significantly.,20% - 40%,Just have more availability ,I choose charging stations that are conveniently located along my preferred route.,1.0,No impact on my parking habits.,Much less convenient,DH7
Male,35-44,Employed,Bachelor's degree,"£50,001 - £70,000",Yes - children aged under 5 years old,White,Yes,1,Cost savings,Battery EV (exclusively powered by a rechargeable battery),Other (please specify),300-400 km,1-3 years,Rarely,Not sure,Single family house/townhouse with dedicated parking,Fixed/hard-wired Level 2 charging station,1 to 2,"Leisure, Errands",Home,More than 8 hours,Less than 10km,< 10 minutes.,6pm to 12am,Somewhat flexible (can be a minor detour),1 to 2 times,More than 6 hours,Mobile app,1km to 2km,DC Charger,Duration of charge.,3km to 6km,3.0,"I was on a journey to pick my mum up and I needed a quick charge. I went to a local supermarket which had a charging station. There was a Tesla with the fast charger plugged in, but it wasn't actually using it, meaning I had to use the slower charger which added time onto my journey.",No,2.0,"Availability of fast charging, Cost of charging, Amenities available nearby (e.g., restrooms, shops)",A simpler method of queueing to get rid of the free for all that sometimes happens.,Increase the number of charging stations,I charge my vehicle when I need to regardless of peak energy usage hours.,Yes,No impact on travel time.,20% - 40%,Unsure,I only consider charging stations as a backup plan o d. I do not consider charging stations in my route planning.,3.0,No impact on my parking habits.,Slightly more convenient,DL3
Female,45-54,Employed,Master's degree,"£50,001 - £70,000",Yes - children aged 5 to 10 years old,White,Yes,1,Cost savings,Plug-in hybrid EV (powered by combination of rechargeable battery and gasoline engine or generator; includes range extenders),Toyota Prius,400-500 km,6 months - 1 year,Never,My EV is not capable of DC fast charging,Single family house/townhouse with dedicated parking,I do not charge at home,More than 4,"Work/School, Leisure, Returning Home",Home,More than 8 hours,10km to 30km,< 10 minutes.,6am to 12pm,Somewhat flexible (can be a minor detour),1 to 2 times,1 to 3 hours,Mobile app,Less than 1km,DC Charger,Duration of charge.,Less than 1km,2.0,Broken!,No,5.0,"Proximity to my destination, Availability of fast charging, Cost of charging",More of them ,Increase the number of charging stations,It is more convenient to charge my vehicle directly after ending every trip.,Yes,Slightly reduces travel time.,20% - 40%,Lots of them,I plan my route entirely around charging stations.,3.0,No impact on my parking habits.,Slightly more convenient,NE28
Male,25-34,Employed,Master's degree,"£50,001 - £70,000",No children aged 18 or under,White,Yes,1,Environmental concerns,Battery EV (exclusively powered by a rechargeable battery),Tesla Model 3,300-400 km,6 months - 1 year,Weekly,Supercharger (Tesla),Single family house/townhouse with dedicated parking,Fixed/hard-wired Level 2 charging station,3 to 4,"Work/School, Errands, Returning Home",Home,More than 8 hours,10km to 30km,< 10 minutes.,6pm to 12am,Not flexible (must be very close to usual routes),1 to 2 times,Less than 1 hour,Mobile app,Less than 1km,DC Charger,Duration of charge.,3km to 6km,2.0,"I had some built really close to my house, at a nearby supermarket. Sadly, they aren't looked after, and have been broken for a while now, which means I have to travel further out, if I'm not at home.",Yes,4.0,"Availability of fast charging, Safety and security of the location","Having them away from regular cars, so there's more space to get around.",Improve reliability and maintenance of existing stations,It is more convenient to charge my vehicle only after ending my trips for the day.,Yes,Increases travel time significantly.,20% - 40%,"Use sensors to monitor parking space availability and guide users to open spots, preventing congestion.",I plan my route entirely around charging stations.,3.0,No impact on my parking habits.,Slightly less convenient,NE1
Male,35-44,Employed,Bachelor's degree,"£35,001 - £50,000",Yes - children aged under 5 years old,Asian / Asian British,Yes,1,Technological interest,Plug-in hybrid EV (powered by combination of rechargeable battery and gasoline engine or generator; includes range extenders),Toyota Prius,200-300 km,1-3 years,Rarely,CCS (Combined Charging System; or Combo 2; or SAE),Single family house/townhouse with dedicated parking,Standard wall electrical outlet (Level 1),1 to 2,"Work/School, Errands",Home,More than 8 hours,Less than 10km,< 10 minutes.,12am to 6am,Not flexible (must be very close to usual routes),1 to 2 times,More than 6 hours,In-car navigation system,Less than 1km,DC Charger,Duration of charge.,1km to 3km,1.0,"I was on a trip to London and had to stop along the way for a quick charging top-up.  The charging station I stopped at was completely empty, which I have never experienced before, so I was able to relax in the car and have a short 30 min charge before carrying on my way.",Yes,5.0,"Proximity to my destination, Availability of fast charging, Cost of charging, User-friendly interface","Have one app for all chargers, cheaper costs, more stations available to charge, less congestion with other EV users.",Increase the number of charging stations,It is more convenient to charge my vehicle only after ending my trips for the day.,Yes,Slightly increases travel time.,20% - 40%,"One single app, not multiple different option. Standard charging cable",I plan my route entirely around charging stations.,2.0,I have to park further from my destination.,Slightly more convenient,NE2
Male,25-34,Employed,Master's degree,"£20,000 - £35,000",No children aged 18 or under,Black / African / Caribbean / Black British,Yes,1,Cost savings,Plug-in hybrid EV (powered by combination of rechargeable battery and gasoline engine or generator; includes range extenders),Toyota Prius,100-200 km,6 months - 1 year,Weekly,CCS (Combined Charging System; or Combo 2; or SAE),Rental apartment in high-rise building,Standard wall electrical outlet (Level 1),1 to 2,"Work/School, Returning Home",Home,1 to 3 hours,10km to 30km,20 to 30 minutes.,12pm to 6pm,Somewhat flexible (can be a minor detour),1 to 2 times,3 to 6 hours,Mobile app,1km to 2km,DC Charger,Duration of charge.,1km to 3km,3.0,"When it was my turn,someone walked up to me and said he was in a haste and would pay double to charge before me,he wasn't even polite.",Yes,5.0,"Availability of fast charging, Environmental considerations (e.g., renewable energy sources)","Fast charging speed,upgrade to higher-power chargers to reduce charging time and comfortable waiting areas like providing seats,shade,and amenities like WiFi.",Increase the number of charging stations,It is more convenient to charge my vehicle only after ending my trips for the day.,Yes,Slightly reduces travel time.,20% - 40%,Clear signage and simple payment option.,I choose charging stations that are conveniently located along my preferred route.,4.0,I can park closer to my destination.,Slightly more convenient,NE2
Male,45-54,Employed,Master's degree,"£35,001 - £50,000",No children aged 18 or under,White,Yes,1,Environmental concerns,Battery EV (exclusively powered by a rechargeable battery),Other (please specify),400-500 km,1-3 years,Rarely,CCS (Combined Charging System; or Combo 2; or SAE),Single family house/townhouse with dedicated parking,Fixed/hard-wired Level 2 charging station,1 to 2,"Leisure, Errands",Home,5 to 8 hours,50km to 100km,< 10 minutes.,12am to 6am,Somewhat flexible (can be a minor detour),1 to 2 times,3 to 6 hours,Online map,1km to 2km,DC Charger,Duration of charge.,1km to 3km,3.0,More often the not it seems the first charger I try doesn't work and I have to move to another one in the row.  This has happened at multiple public charging stations.,Yes,4.0,"Proximity to my destination, Availability of fast charging, Cost of charging",Better maintenance,Increase the number of charging stations,It is more convenient to charge my vehicle only after ending my trips for the day.,Not sure,Slightly increases travel time.,20% - 40%,Covered area above charging stations for protection from bad weather,I choose charging stations that are conveniently located along my preferred route.,3.0,No impact on my parking habits.,No difference,NE6
Male,35-44,Employed,Master's degree,"£35,001 - £50,000",No children aged 18 or under,Black / African / Caribbean / Black British,Yes,1,Cost savings,Plug-in hybrid EV (powered by combination of rechargeable battery and gasoline engine or generator; includes range extenders),Hyundai Ioniq,100-200 km,6 months - 1 year,Weekly,CCS (Combined Charging System; or Combo 2; or SAE),"Rental apartment in low-rise building (e.g., duplex, triplex, basement apartment)",Fixed/hard-wired Level 2 charging station,1 to 2,"Work/School, Returning Home",Home,More than 8 hours,10km to 30km,20 to 30 minutes.,6pm to 12am,Somewhat flexible (can be a minor detour),3 to 4 times,1 to 3 hours,Mobile app,Less than 1km,DC Charger,Duration of charge.,Less than 1km,4.0,I was allowed to charge by a good guy when when he arrived before me. I was in a hurry on that day.,No,4.0,Availability of fast charging,Faster charging duration ,Increase the number of charging stations,I choose to charge my vehicle regardless of the cost.,Yes,Increases travel time significantly.,Below 20%,Faster Chargers,I choose charging stations that are conveniently located along my preferred route.,4.0,No impact on my parking habits.,Slightly less convenient,NE12
Female,18-24,Employed,Master's degree,"£20,000 - £35,000",No children aged 18 or under,Asian / Asian British,Yes,1,Cost savings,Plug-in hybrid EV (powered by combination of rechargeable battery and gasoline engine or generator; includes range extenders),BMW 5 Series,300-400 km,1-3 years,Weekly,Not sure,"Rental apartment in low-rise building (e.g., duplex, triplex, basement apartment)",I do not charge at home,3 to 4,Work/School,Home,5 to 8 hours,30km to 50km,10 to 20 minutes.,12am to 6am,Somewhat flexible (can be a minor detour),1 to 2 times,1 to 3 hours,Online map,1km to 2km,AC Charger,Cost.,1km to 3km,3.0,I once had to queue for over an hour for a charging station at a mall,Yes,4.0,"Proximity to my destination, Availability of fast charging, Cost of charging, User-friendly interface, Safety and security of the location, Amenities available nearby (e.g., restrooms, shops)",Making their locations more known ,Increase the number of charging stations,It is more convenient to charge my vehicle directly after ending every trip.,Yes,Slightly increases travel time.,60% - 80%,Clear signs and instructions ,I choose charging stations that are conveniently located along my preferred route.,2.0,I have to park further from my destination.,Slightly less convenient,DH1
Male,35-44,Employed,Bachelor's degree,"£50,001 - £70,000",No children aged 18 or under,Mixed,Yes,1,Cost savings,Battery EV (exclusively powered by a rechargeable battery),Nissan Leaf,100-200 km,More than 3 years,Rarely,CHAdeMO,Single family house/townhouse without dedicated parking,Fixed/hard-wired Level 2 charging station,1 to 2,"Leisure, Returning Home",Home,5 to 8 hours,Less than 10km,< 10 minutes.,6pm to 12am,Somewhat flexible (can be a minor detour),1 to 2 times,3 to 6 hours,Mobile app,Less than 1km,DC Charger,Cost.,Less than 1km,2.0,There's not enough,Yes,3.0,"Proximity to my destination, Cost of charging",More stations,Increase the number of charging stations,It is more convenient to charge my vehicle only after ending my trips for the day.,Yes,Increases travel time significantly.,20% - 40%,More stations,I plan my route entirely around charging stations.,3.0,No impact on my parking habits.,No difference,NE7
Female,25-34,Employed,Doctorate or higher,"£50,001 - £70,000",No children aged 18 or under,Asian / Asian British,Yes,1,Environmental concerns,Battery EV (exclusively powered by a rechargeable battery),Tesla Model 3,More than 500 km,Less than 6 months,Rarely,Not sure,Single family house/townhouse with dedicated parking,Standard wall electrical outlet (Level 1),1 to 2,"Work/School, Leisure, Returning Home",Home,More than 8 hours,30km to 50km,< 10 minutes.,6am to 12pm,Somewhat flexible (can be a minor detour),5 to 6 times,3 to 6 hours,Mobile app,Less than 1km,DC Charger,Cost.,Less than 1km,3.0,,No,5.0,"Proximity to my destination, Availability of fast charging, Cost of charging",,Increase the number of charging stations,I charge my vehicle earlier in the day or later at night to avoid peak energy usage hours.,Yes,Slightly increases travel time.,20% - 40%,,I plan my route entirely around charging stations.,3.0,I have to park further from my destination.,Slightly less convenient,NE38
Female,25-34,Employed,Bachelor's degree,"£35,001 - £50,000",Yes - children aged under 5 years old,Black / African / Caribbean / Black British,Yes,1,Cost savings,Plug-in hybrid EV (powered by combination of rechargeable battery and gasoline engine or generator; includes range extenders),Toyota Prius,Less than 100 km,6 months - 1 year,Weekly,Not sure,Rental apartment in high-rise building,I do not charge at home,3 to 4,"Leisure, Errands, Returning Home",Home,More than 8 hours,Less than 10km,10 to 20 minutes.,6pm to 12am,Flexible (can be a major detour),1 to 2 times,1 to 3 hours,Mobile app,1km to 2km,DC Charger,Duration of charge.,1km to 3km,5.0,"I remember when I newly bought the car, I wanted to charge my car but was so confused on the plug to use because there were different ones so I had to call my partner to come assist me but unfortunately the station does not even have my type of plug so we had to drive to another station to charge y",Yes,5.0,"Proximity to my destination, Availability of fast charging, User-friendly interface",Availability of al types of plug in same location ,Enhance user experience through better signage and information,I charge my vehicle earlier in the day or later at night to avoid peak energy usage hours.,Yes,Reduces travel time significantly.,40% - 60%,Available of information in a plain manner,I plan my route entirely around charging stations.,2.0,I can park closer to my destination.,Slightly more convenient,TS25
Male,25-34,Employed,Bachelor's degree,"£50,001 - £70,000",No children aged 18 or under,White,Yes,1,Government incentives,Battery EV (exclusively powered by a rechargeable battery),Tesla Model 3,300-400 km,6 months - 1 year,Monthly,Supercharger (Tesla),Single family house/townhouse with dedicated parking,Standard wall electrical outlet (Level 1),1 to 2,Leisure,Home,More than 8 hours,10km to 30km,< 10 minutes.,12am to 6am,Somewhat flexible (can be a minor detour),5 to 6 times,3 to 6 hours,Mobile app,Less than 1km,AC Charger,Cost.,More than 9km,4.0,There's a one near me that always seems to be working and no one ever uses it so i feel like its a private one just for me.,No,5.0,"Proximity to my destination, Availability of fast charging, Cost of charging, User-friendly interface, Safety and security of the location, Amenities available nearby (e.g., restrooms, shops), Environmental considerations (e.g., renewable energy sources)",Sometimes location is a factor and how between each one can be.,Provide incentives for EV owners to share private charging stations,It is more convenient to charge my vehicle directly after ending every trip.,Yes,Slightly increases travel time.,20% - 40%,Put them in places where you can do activities or spend time outside of the car,,3.0,I can park closer to my destination.,Slightly more convenient,NE2
Female,25-34,Employed,Master's degree,"£35,001 - £50,000",No children aged 18 or under,White,Yes,1,Environmental concerns,Plug-in hybrid EV (powered by combination of rechargeable battery and gasoline engine or generator; includes range extenders),Nissan Leaf,100-200 km,Less than 6 months,Weekly,Not sure,Single family house/townhouse with dedicated parking,Standard wall electrical outlet (Level 1),1 to 2,Work/School,Workplace,5 to 8 hours,10km to 30km,10 to 20 minutes.,12am to 6am,Flexible (can be a major detour),5 to 6 times,3 to 6 hours,Online map,1km to 2km,AC Charger,Cost.,3km to 6km,2.0,There was only 1 charging station and 3 cars in line,Yes,5.0,"Proximity to my destination, Cost of charging, Safety and security of the location",Cctv camera usage and more stations ,Increase the number of charging stations,It is more convenient to charge my vehicle only after ending my trips for the day.,Not sure,Slightly increases travel time.,20% - 40%,Instructions and displays to be more visible and available,I choose charging stations that are conveniently located along my preferred route.,2.0,I have to park further from my destination.,Slightly more convenient,DH1
Female,45-54,Employed,Bachelor's degree,"£35,001 - £50,000",No children aged 18 or under,White,Yes,1,Cost savings,,Kia Niro,100-200 km,Less than 6 months,Rarely,Not sure,Single family house/townhouse with dedicated parking,Fixed/hard-wired Level 2 charging station,3 to 4,Work/School,Workplace,5 to 8 hours,10km to 30km,< 10 minutes.,12am to 6am,Somewhat flexible (can be a minor detour),1 to 2 times,More than 6 hours,Mobile app,Less than 1km,DC Charger,Duration of charge.,Less than 1km,2.0,Not working or queues ,Yes,5.0,"Proximity to my destination, Availability of fast charging, Cost of charging",Have more available,Increase the number of charging stations,I charge my vehicle earlier in the day or later at night to avoid peak energy usage hours.,Yes,Increases travel time significantly.,20% - 40%,Toilets,I plan my route entirely around charging stations.,2.0,No impact on my parking habits.,Slightly more convenient,DH6
Male,35-44,Unemployed,Some college,"£35,001 - £50,000",No children aged 18 or under,White,Yes,1,Environmental concerns,Battery EV (exclusively powered by a rechargeable battery),Other (please specify),200-300 km,6 months - 1 year,Monthly,CCS (Combined Charging System; or Combo 2; or SAE),Single family house/townhouse with dedicated parking,Unsure. It is an ohme 7kw charger,1 to 2,"Leisure, Errands",Home,1 to 3 hours,30km to 50km,10 to 20 minutes.,12am to 6am,Somewhat flexible (can be a minor detour),3 to 4 times,3 to 6 hours,Mobile app,1km to 2km,DC Charger,Duration of charge.,3km to 6km,2.0,Being told it was 35p (stickers on machine) per kwh only to be charged 79p per kwh. Very negative experience. ,Yes,1.0,"Proximity to my destination, Availability of fast charging, Cost of charging, Amenities available nearby (e.g., restrooms, shops)",Being able to access them all from ONE app. I have at least 15 apps on my phone for finding charging stations and charging.,Increase the number of charging stations,I charge my vehicle earlier in the day or later at night to avoid peak energy usage hours.,Not sure,Slightly increases travel time.,20% - 40%,All companies cooperate to have an easier login/registration system.,I choose charging stations that are conveniently located along my preferred route.,2.0,I have to park further from my destination.,Slightly less convenient,NE8
Male,35-44,Employed,Master's degree,"£35,001 - £50,000",Yes - children aged under 5 years old,Black / African / Caribbean / Black British,Yes,I LEASE,Technological interest,Plug-in hybrid EV (powered by combination of rechargeable battery and gasoline engine or generator; includes range extenders),Kia Niro,100-200 km,Less than 6 months,Weekly,CCS (Combined Charging System; or Combo 2; or SAE),"Rental apartment in low-rise building (e.g., duplex, triplex, basement apartment)",I do not charge at home,1 to 2,Work/School,Workplace,3 to 5 hours,10km to 30km,20 to 30 minutes.,12am to 6am,Flexible (can be a major detour),1 to 2 times,1 to 3 hours,Mobile app,Less than 1km,DC Charger,Duration of charge.,1km to 3km,4.0,Helping a fellow EV user take my slot for charging because he was running late for a job interview and then getting his contact which he later reached out to say he got to his destination in the nick of time and also got the job.,No,5.0,"Proximity to my destination, Availability of fast charging, User-friendly interface, Safety and security of the location",More Security and service locations close to charge stations to reduce down time,Improve reliability and maintenance of existing stations,I charge my vehicle earlier in the day or later at night to avoid peak energy usage hours.,Yes,Slightly reduces travel time.,40% - 60%,"I love it just as it is, but it should be more affordable so i can own one.",I plan my route entirely around charging stations.,4.0,I can park closer to my destination.,Slightly less convenient,SR4
Male,25-34,Employed,Master's degree,"£50,001 - £70,000",Yes - children aged under 5 years old,White,Yes,1,Government incentives,Battery EV (exclusively powered by a rechargeable battery),Other (please specify),300-400 km,1-3 years,Weekly,CCS (Combined Charging System; or Combo 2; or SAE),Single family house/townhouse without dedicated parking,I do not charge at home,1 to 2,"Work/School, Leisure, Errands",Home,More than 8 hours,10km to 30km,< 10 minutes.,6pm to 12am,Somewhat flexible (can be a minor detour),1 to 2 times,Less than 1 hour,Mobile app,Less than 1km,DC Charger,Duration of charge.,3km to 6km,4.0,Despite high rating a specific local charger always charges slower than other slower chargers,Yes,3.0,"Proximity to my destination, Availability of fast charging, Cost of charging",,Increase the number of charging stations,I will wait to charge my vehicle when the cost is at its lowest.,Yes,Slightly increases travel time.,60% - 80%,,I choose charging stations that are conveniently located along my preferred route.,3.0,I have to park further from my destination.,Slightly less convenient,TS8
Male,35-44,Employed,Bachelor's degree,"£20,000 - £35,000",No children aged 18 or under,White,Yes,1,Environmental concerns,Plug-in hybrid EV (powered by combination of rechargeable battery and gasoline engine or generator; includes range extenders),Volkswagen Golf GTE,100-200 km,1-3 years,Weekly,Not sure,"Rental apartment in low-rise building (e.g., duplex, triplex, basement apartment)",I do not charge at home,1 to 2,Work/School,Home,Less than 1 hour,10km to 30km,10 to 20 minutes.,12pm to 6pm,Not flexible (must be very close to usual routes),1 to 2 times,3 to 6 hours,Mobile app,1km to 2km,AC Charger,Cost.,3km to 6km,1.0,"Only 2 charging stations in the middle of the city, very hard to find anything when shopping at weekend",Yes,4.0,Proximity to my destination,,Increase the number of charging stations,I choose to charge my vehicle regardless of the cost.,Yes,Slightly increases travel time.,20% - 40%,,I choose charging stations that are conveniently located along my preferred route.,2.0,I have to park further from my destination.,Much less convenient,NE3
Female,35-44,Unemployed,Some college,"£20,000 - £35,000",Yes - children aged 5 to 10 years old,White,Yes,1,Environmental concerns,Battery EV (exclusively powered by a rechargeable battery),Other (please specify),100-200 km,Less than 6 months,Rarely,CCS (Combined Charging System; or Combo 2; or SAE),Single family house/townhouse with dedicated parking,Fixed/hard-wired Level 2 charging station,1 to 2,"Work/School, Errands",Home,More than 8 hours,10km to 30km,< 10 minutes.,12am to 6am,Not flexible (must be very close to usual routes),3 to 4 times,3 to 6 hours,In-car navigation system,Less than 1km,DC Charger,Duration of charge.,1km to 3km,2.0,Had to 5 different charging points whilst far away for home in search for a fast charging station and our car had very few miles left so we were very stressed ,Yes,5.0,"Proximity to my destination, Availability of fast charging, Amenities available nearby (e.g., restrooms, shops), Environmental considerations (e.g., renewable energy sources)",More rapid charging points and an easier free app that is much more user friendly and simple ,Enhance user experience through better signage and information,I charge my vehicle earlier in the day or later at night to avoid peak energy usage hours.,Yes,Slightly increases travel time.,20% - 40%,Not needing to lock car to charge so I can wait in my car. Having a vending machine nearby ,I choose charging stations that are conveniently located along my preferred route.,1.0,I can park closer to my destination.,Much more convenient,NE42
Female,35-44,Employed,Master's degree,"Over £70,000",No children aged 18 or under,White,Yes,1,Environmental concerns,Plug-in hybrid EV (powered by combination of rechargeable battery and gasoline engine or generator; includes range extenders),BMW i3,100-200 km,1-3 years,Weekly,Not sure,Single family house/townhouse with dedicated parking,I do not charge at home,1 to 2,"Work/School, Leisure, Errands, Returning Home",Home,3 to 5 hours,Less than 10km,10 to 20 minutes.,6am to 12pm,Somewhat flexible (can be a minor detour),1 to 2 times,Less than 1 hour,Mobile app,1km to 2km,DC Charger,Duration of charge.,1km to 3km,3.0,I was helped by another EV user and there seems to be a community spirit among users,Yes,4.0,"Proximity to my destination, Availability of fast charging, Cost of charging, User-friendly interface, Safety and security of the location, Amenities available nearby (e.g., restrooms, shops), Environmental considerations (e.g., renewable energy sources)",more availability,Increase the number of charging stations,I will wait to charge my vehicle when the cost is at its lowest.,Yes,No impact on travel time.,20% - 40%,not sure,I choose charging stations that are conveniently located along my preferred route.,2.0,No impact on my parking habits.,No difference,TS2
Male,25-34,Employed,Master's degree,"£35,001 - £50,000",Yes - children aged under 5 years old,White,Yes,1,Technological interest,Plug-in hybrid EV (powered by combination of rechargeable battery and gasoline engine or generator; includes range extenders),BMW 3 Series c.,200-300 km,6 months - 1 year,Weekly,CCS (Combined Charging System; or Combo 2; or SAE),Single family house/townhouse with dedicated parking,I do not charge at home,1 to 2,Errands,Home,5 to 8 hours,Less than 10km,10 to 20 minutes.,12pm to 6pm,Somewhat flexible (can be a minor detour),1 to 2 times,1 to 3 hours,In-car navigation system,Less than 1km,AC Charger,Cost.,3km to 6km,3.0,"Petrol station, took many hours to get my car charging because of the line in front of me",Yes,2.0,"Proximity to my destination, Amenities available nearby (e.g., restrooms, shops)",They should all have a cafe or something near it,Allow for longer charging sessions,I charge my vehicle when I need to regardless of peak energy usage hours.,Not sure,No impact on travel time.,20% - 40%,"Place where you can do things while its charging, e.g. shopping",I plan my route entirely around charging stations.,3.0,I can park closer to my destination.,Slightly more convenient,NE2
Male,25-34,Employed,Bachelor's degree,"£35,001 - £50,000",Yes - children aged under 5 years old,White,Yes,1,Technological interest,Battery EV (exclusively powered by a rechargeable battery),Toyota Prius,100-200 km,1-3 years,Weekly,CCS (Combined Charging System; or Combo 2; or SAE),Single family house/townhouse with dedicated parking,Portable Level 2 charging station,3 to 4,"Work/School, Leisure, Errands",Home,3 to 5 hours,50km to 100km,10 to 20 minutes.,12am to 6am,Somewhat flexible (can be a minor detour),5 to 6 times,1 to 3 hours,In-car navigation system,1km to 2km,DC Charger,Duration of charge.,3km to 6km,2.0,Nothing particularly memorable unfortunately,Yes,4.0,"Proximity to my destination, Availability of fast charging, Safety and security of the location, Amenities available nearby (e.g., restrooms, shops)","More chargers, details online about how many are in use, how long they are booked for etc",Increase the number of charging stations,It is more convenient to charge my vehicle only after ending my trips for the day.,Yes,No impact on travel time.,20% - 40%,Not sure,I choose charging stations that are conveniently located along my preferred route.,3.0,No impact on my parking habits.,Slightly less convenient,TS2
Male,35-44,Employed,Some college,"£50,001 - £70,000",Yes - children aged 11 to 15 years old,White,Yes,1,Cost savings,Battery EV (exclusively powered by a rechargeable battery),Other (please specify),300-400 km,1-3 years,Rarely,Not sure,Single family house/townhouse without dedicated parking,I do not charge at home,3 to 4,"Work/School, Leisure, Errands, Returning Home",Home,More than 8 hours,10km to 30km,10 to 20 minutes.,6am to 12pm,Somewhat flexible (can be a minor detour),1 to 2 times,3 to 6 hours,Mobile app,1km to 2km,DC Charger,Duration of charge.,3km to 6km,2.0,I had a negative experience recently using a public charger. There were 2 DC chargers approximately 3 miles from home and both were out of order. ,Yes,5.0,"Proximity to my destination, Availability of fast charging, Cost of charging, User-friendly interface",Allow you to tap your debit card to begin charging instead of registering and downloading an app,Increase the number of charging stations,I charge my vehicle when I need to regardless of peak energy usage hours.,Yes,No impact on travel time.,20% - 40%,The ability to tap and pay with debit card,I choose charging stations that are conveniently located along my preferred route.,2.0,No impact on my parking habits.,No difference,DH3
Male,45-54,Self-employed,Bachelor's degree,"£35,001 - £50,000",No children aged 18 or under,White,Yes,1,Cost savings,Battery EV (exclusively powered by a rechargeable battery),Nissan Leaf,200-300 km,1-3 years,Weekly,CHAdeMO,Single family house/townhouse with dedicated parking,Standard wall electrical outlet (Level 1),1 to 2,"Work/School, Errands",Home,5 to 8 hours,Less than 10km,< 10 minutes.,6pm to 12am,Not flexible (must be very close to usual routes),1 to 2 times,3 to 6 hours,Mobile app,Less than 1km,AC Charger,Cost.,1km to 3km,4.0,Because Nissan is based in sunderland we have great local access to free charging points in car parks so it is rare that I have ever had to queue to charge my EV,No,4.0,"Proximity to my destination, Cost of charging",While there are many free points locally it would be great if this was adopted further abroad in the area.,Increase the number of charging stations,I charge my vehicle earlier in the day or later at night to avoid peak energy usage hours.,Yes,No impact on travel time.,40% - 60%,"Can't think of anything, I am well catered for in my local area.",I only consider charging stations as a backup plan o d. I do not consider charging stations in my route planning.,3.0,No impact on my parking habits.,No difference,SR2
Female,25-34,Employed,Some college,"£50,001 - £70,000",No children aged 18 or under,White,Yes,1,Cost savings,Battery EV (exclusively powered by a rechargeable battery),Tesla Model 3,200-300 km,1-3 years,Monthly,Supercharger (Tesla),Single family house/townhouse with dedicated parking,Standard wall electrical outlet (Level 1),3 to 4,"Work/School, Leisure, Errands",Home,5 to 8 hours,30km to 50km,10 to 20 minutes.,6pm to 12am,Somewhat flexible (can be a minor detour),3 to 4 times,3 to 6 hours,Mobile app,2km to 3km,DC Charger,Duration of charge.,3km to 6km,2.0,Long wait at a charger that was always empty a few months ago. EVs havw increased but charging hasn’t ,Yes,3.0,"Proximity to my destination, Availability of fast charging, Safety and security of the location, Amenities available nearby (e.g., restrooms, shops)",,Increase the number of charging stations,It is more convenient to charge my vehicle only after ending my trips for the day.,Yes,Slightly increases travel time.,20% - 40%,,I choose charging stations that are conveniently located along my preferred route.,2.0,I have to park further from my destination.,Slightly less convenient,NE62
Female,65+,Retired,Bachelor's degree,"£50,001 - £70,000",No children aged 18 or under,White,Yes,2,Cost savings,Battery EV (exclusively powered by a rechargeable battery),"Hyundai Ioniq, Nissan Leaf",400-500 km,More than 3 years,Rarely,Not sure,Single family house/townhouse with dedicated parking,Portable Level 2 charging station,1 to 2,"Leisure, Errands",Home,More than 8 hours,10km to 30km,< 10 minutes.,6pm to 12am,Somewhat flexible (can be a minor detour),3 to 4 times,1 to 3 hours,In-car navigation system,1km to 2km,DC Charger,Availability of charger on-route.,1km to 3km,3.0,Someone unplugging my car from a public charger and plugging in their car,Yes,4.0,"Proximity to my destination, Availability of fast charging, Cost of charging, Safety and security of the location, Amenities available nearby (e.g., restrooms, shops)",More available charging bays,Increase the number of charging stations,I charge my vehicle when I need to regardless of peak energy usage hours.,Yes,Increases travel time significantly.,20% - 40%,More well lit and open spaces,I choose charging stations that are conveniently located along my preferred route.,3.0,No impact on my parking habits.,Slightly less convenient,NE3
Female,35-44,Employed,Bachelor's degree,"£35,001 - £50,000",Yes - children aged under 5 years old,White,Yes,1,Cost savings,Battery EV (exclusively powered by a rechargeable battery),Other (please specify),200-300 km,More than 3 years,Rarely,Not sure,Single family house/townhouse with dedicated parking,Fixed/hard-wired Level 2 charging station,3 to 4,"Work/School, Leisure",Home,1 to 3 hours,10km to 30km,< 10 minutes.,12am to 6am,Somewhat flexible (can be a minor detour),1 to 2 times,1 to 3 hours,In-car navigation system,1km to 2km,AC Charger,Cost.,3km to 6km,5.0,Trying to use an Insta volt at a vista and struggling to get it to work in full view of the shop ,Yes,3.0,"Proximity to my destination, Availability of fast charging, Cost of charging",Make one app for all ,Improve reliability and maintenance of existing stations,I charge my vehicle earlier in the day or later at night to avoid peak energy usage hours.,Yes,Slightly increases travel time.,Below 20%,One app to use all. It’s no go having to download a new one and figure out how to get it to work,I only consider charging stations as a backup plan o d. I do not consider charging stations in my route planning.,3.0,No impact on my parking habits.,No difference,DL2
Female,45-54,Self-employed,Some college,"Over £70,000",Yes - children aged 16 to 18 years old,White,Yes,2,Cost savings,Battery EV (exclusively powered by a rechargeable battery),Other (please specify),400-500 km,More than 3 years,Rarely,Supercharger (Tesla),Single family house/townhouse with dedicated parking,Fixed/hard-wired Level 2 charging station,1 to 2,"Work/School, Leisure, Errands, Returning Home",Home,1 to 3 hours,10km to 30km,< 10 minutes.,12am to 6am,Somewhat flexible (can be a minor detour),1 to 2 times,1 to 3 hours,In-car navigation system,Less than 1km,DC Charger,Availability of charger at the end of next trip.,More than 9km,3.0,"Tesla supercharger at Ferrybridge, first time and was super easy.
",No,5.0,"Proximity to my destination, Availability of fast charging, Cost of charging, User-friendly interface, Safety and security of the location, Amenities available nearby (e.g., restrooms, shops)",A good queueing system ,Increase the number of charging stations,I charge my vehicle earlier in the day or later at night to avoid peak energy usage hours.,Yes,Slightly increases travel time.,20% - 40%,Card payments on all it an easy sign up on the spot for an account with that  charger provider,I choose charging stations that are conveniently located along my preferred route.,2.0,I can park closer to my destination.,Slightly less convenient,NE36 0
Male,25-34,Employed,Some college,"£20,000 - £35,000",Yes - children aged 5 to 10 years old,White,Yes,1,Technological interest,Battery EV (exclusively powered by a rechargeable battery),Tesla Model S,More than 500 km,More than 3 years,Weekly,Supercharger (Tesla),Single family house/townhouse with dedicated parking,Standard wall electrical outlet (Level 1),1 to 2,"Work/School, Errands, Returning Home",Home,More than 8 hours,50km to 100km,< 10 minutes.,6pm to 12am,Flexible (can be a major detour),3 to 4 times,1 to 3 hours,Mobile app,1km to 2km,DC Charger,Duration of charge.,More than 9km,4.0,Arriving just as someone was leaving so I could instantly charge the car and then go about my business that day saving me time from waiting.,No,4.0,"Proximity to my destination, Availability of fast charging, Amenities available nearby (e.g., restrooms, shops)",Better apps that work well.,Increase the number of charging stations,I charge my vehicle when I need to regardless of peak energy usage hours.,Yes,No impact on travel time.,Below 20%,Built in timer for the app so I know how long is left before it's charged so I can make my way back.,I choose charging stations that are conveniently located along my preferred route.,3.0,No impact on my parking habits.,Slightly more convenient,DH3
Female,25-34,Employed,Bachelor's degree,"£50,001 - £70,000",Yes - children aged 5 to 10 years old,White,Yes,1,Other (please specify),Plug-in hybrid EV (powered by combination of rechargeable battery and gasoline engine or generator; includes range extenders),Other (please specify),200-300 km,6 months - 1 year,Never,Not sure,Single family house/townhouse with dedicated parking,Fixed/hard-wired Level 2 charging station,3 to 4,Work/School,Workplace,More than 8 hours,10km to 30km,< 10 minutes.,12am to 6am,Somewhat flexible (can be a minor detour),Every day to the week,1 to 3 hours,Mobile app,1km to 2km,AC Charger,Cost.,Less than 1km,2.0,I’ve never used a public charging station. They are way more expensive than me charging it at home. ,No,1.0,Cost of charging,They’re fine other than the price. ,Provide incentives for EV owners to share private charging stations,It is more convenient to charge my vehicle only after ending my trips for the day.,Yes,No impact on travel time.,20% - 40%,Coffee machine maybe ,I only consider charging stations as a backup plan o d. I do not consider charging stations in my route planning.,3.0,No impact on my parking habits.,No difference,TS17
Female,25-34,Employed,Bachelor's degree,"£20,000 - £35,000",No children aged 18 or under,Black / African / Caribbean / Black British,Yes,1,Technological interest,Plug-in hybrid EV (powered by combination of rechargeable battery and gasoline engine or generator; includes range extenders),Nissan Leaf,200-300 km,6 months - 1 year,Weekly,CHAdeMO,Rental apartment in high-rise building,Shared Level 2 charging station,1 to 2,"Work/School, Leisure, Returning Home",Home,1 to 3 hours,30km to 50km,10 to 20 minutes.,12pm to 6pm,Flexible (can be a major detour),3 to 4 times,3 to 6 hours,Online map,1km to 2km,DC Charger,Duration of charge.,3km to 6km,4.0,"We were all waiting to charge our EV and while we were there, a stranger came and shared snacks and we had drinks to go with it and there was a karaoke also and I even had to wait long after I was done charging to hang out more with the guys. ",Yes,4.0,"Proximity to my destination, Availability of fast charging, Cost of charging, User-friendly interface, Environmental considerations (e.g., renewable energy sources)","I believe there should be more availability of chargers and they should be faster chargers, at an economical rate. also, there should be all time availability of customer care. ",Improve reliability and maintenance of existing stations,It is more convenient to charge my vehicle only after ending my trips for the day.,Yes,Slightly reduces travel time.,40% - 60%,"better charging speed, user friendly interface, more accessibility ",I choose charging stations that are conveniently located along my preferred route.,3.0,No impact on my parking habits.,Slightly more convenient,SR4
Male,35-44,Employed,Bachelor's degree,"£50,001 - £70,000",Yes - children aged 11 to 15 years old,Asian / Asian British,Yes,1,Technological interest,Battery EV (exclusively powered by a rechargeable battery),Other (please specify),300-400 km,1-3 years,Never,Not sure,Single family house/townhouse with dedicated parking,I don’t know. It is a box on the wall.,1 to 2,"Work/School, Returning Home",Home,More than 8 hours,10km to 30km,< 10 minutes.,6am to 12pm,Not flexible (must be very close to usual routes),1 to 2 times,1 to 3 hours,Online map,Less than 1km,AC Charger,Cost.,Less than 1km,1.0,Never use one as they are expensive than charging at home/work. Why should I use them!,No,5.0,"Proximity to my destination, Cost of charging, User-friendly interface, Safety and security of the location, Amenities available nearby (e.g., restrooms, shops)",Cost no less than charge at home or I won’t use them.,Increase the number of charging stations,I will wait to charge my vehicle when the cost is at its lowest.,Yes,Increases travel time significantly.,20% - 40%,No membership restriction on tariff. Electricity unit cost available on line. ,I only consider charging stations as a backup plan o d. I do not consider charging stations in my route planning.,1.0,No impact on my parking habits.,No difference,NE15
Male,55-64,Retired,High school diploma,"Less than £20,000",No children aged 18 or under,White,Yes,1,Environmental concerns,Battery EV (exclusively powered by a rechargeable battery),Other (please specify),400-500 km,1-3 years,Rarely,Not sure,Single family house/townhouse with dedicated parking,Fixed/hard-wired Level 2 charging station,3 to 4,Errands,Home,5 to 8 hours,30km to 50km,< 10 minutes.,12am to 6am,Not flexible (must be very close to usual routes),1 to 2 times,More than 6 hours,Mobile app,Less than 1km,DC Charger,Duration of charge.,1km to 3km,4.0,First time I used public charger found it very confusing having to down load apps then deposit money ,No,5.0,Availability of fast charging,More fast chargers,Increase the number of charging stations,I charge my vehicle earlier in the day or later at night to avoid peak energy usage hours.,Yes,Increases travel time significantly.,20% - 40%,Shopping outlets,I only consider charging stations as a backup plan o d. I do not consider charging stations in my route planning.,4.0,No impact on my parking habits.,Slightly more convenient,NE1
Female,25-34,Employed,Master's degree,"£35,001 - £50,000",Yes - children aged under 5 years old,White,Yes,2,Cost savings,Plug-in hybrid EV (powered by combination of rechargeable battery and gasoline engine or generator; includes range extenders),"Kia Niro, Tesla Model X",200-300 km,6 months - 1 year,Weekly,Supercharger (Tesla),"Rental apartment in low-rise building (e.g., duplex, triplex, basement apartment)",Shared Level 2 charging station,3 to 4,"Work/School, Errands",Home,5 to 8 hours,10km to 30km,< 10 minutes.,12pm to 6pm,Somewhat flexible (can be a minor detour),3 to 4 times,3 to 6 hours,Mobile app,Less than 1km,AC Charger,Duration of charge.,1km to 3km,3.0,"Pulled up at the same time as someone and they let me go first 
",Yes,4.0,Cost of charging,More available ,Increase the number of charging stations,I charge my vehicle when I need to regardless of peak energy usage hours.,Yes,No impact on travel time.,40% - 60%,Toilets,I choose charging stations that are conveniently located along my preferred route.,4.0,I can park closer to my destination.,Slightly more convenient,NE3
Male,25-34,Employed,Some college,"£50,001 - £70,000",Yes - children aged 5 to 10 years old,White,Yes,1,Cost savings,Plug-in hybrid EV (powered by combination of rechargeable battery and gasoline engine or generator; includes range extenders),"Audi e-tron #, Other (please specify)",Less than 100 km,6 months - 1 year,Monthly,CCS (Combined Charging System; or Combo 2; or SAE),Single family house/townhouse with dedicated parking,Fixed/hard-wired Level 2 charging station,3 to 4,"Work/School, Errands",Home,1 to 3 hours,30km to 50km,< 10 minutes.,6am to 12pm,Not flexible (must be very close to usual routes),5 to 6 times,1 to 3 hours,Mobile app,Less than 1km,DC Charger,Duration of charge.,Less than 1km,1.0,Infrastructure isn't there yet for EV charging. And petrol cars still use those spaces,Yes,5.0,"Proximity to my destination, Availability of fast charging, Cost of charging, User-friendly interface, Safety and security of the location, Amenities available nearby (e.g., restrooms, shops)",More availability of working chargers ,Improve reliability and maintenance of existing stations,I charge my vehicle earlier in the day or later at night to avoid peak energy usage hours.,Yes,Increases travel time significantly.,20% - 40%,All mention in the above survey question 40,I choose charging stations that are conveniently located along my preferred route.,3.0,I have to park further from my destination.,Slightly less convenient,NE2
Female,35-44,Employed,Bachelor's degree,"Over £70,000",Yes - children aged 11 to 15 years old,White,Yes,1,Cost savings,Battery EV (exclusively powered by a rechargeable battery),Other (please specify),400-500 km,1-3 years,Rarely,Not sure,Single family house/townhouse with dedicated parking,Fixed/hard-wired Level 2 charging station,1 to 2,"Work/School, Leisure",Home,Less than 1 hour,Less than 10km,< 10 minutes.,12am to 6am,Somewhat flexible (can be a minor detour),1 to 2 times,More than 6 hours,In-car navigation system,1km to 2km,DC Charger,Duration of charge.,Less than 1km,5.0,Negative. Someone else stopped the charging on my car,No,5.0,"Proximity to my destination, Availability of fast charging, Amenities available nearby (e.g., restrooms, shops)",More fast chargers ,Increase the number of charging stations,I charge my vehicle earlier in the day or later at night to avoid peak energy usage hours.,Yes,Slightly reduces travel time.,20% - 40%,Time alert ,I choose charging stations that are conveniently located along my preferred route.,4.0,No impact on my parking habits.,No difference,NE6
Female,45-54,Employed,Bachelor's degree,"£35,001 - £50,000",Yes - children aged 16 to 18 years old,White,Yes,1,Cost savings,Battery EV (exclusively powered by a rechargeable battery),Other (please specify),100-200 km,1-3 years,Monthly,CCS (Combined Charging System; or Combo 2; or SAE),Single family house/townhouse without dedicated parking,I do not charge at home,3 to 4,"Work/School, Errands, Returning Home",Workplace,5 to 8 hours,10km to 30km,10 to 20 minutes.,12pm to 6pm,Somewhat flexible (can be a minor detour),3 to 4 times,1 to 3 hours,Mobile app,Less than 1km,DC Charger,Duration of charge.,1km to 3km,4.0,my nearest charging station. Is very accessible and easy to charge - I haven’t had a negative experience here,No,5.0,"Proximity to my destination, Availability of fast charging, Cost of charging, Amenities available nearby (e.g., restrooms, shops)",Maybe a signal to show how long the car charging has left - like a RAG rating ,Increase the number of charging stations,I charge my vehicle earlier in the day or later at night to avoid peak energy usage hours.,Yes,Slightly increases travel time.,20% - 40%,Toilets,I plan my route entirely around charging stations.,3.0,No impact on my parking habits.,No difference,NE3
Male,25-34,Student,Master's degree,"£50,001 - £70,000",No children aged 18 or under,White,Yes,1,Environmental concerns,Plug-in hybrid EV (powered by combination of rechargeable battery and gasoline engine or generator; includes range extenders),Volkswagen e-Golf,200-300 km,Less than 6 months,Daily,Not sure,Single family house/townhouse with dedicated parking,Shared DC fast charger,1 to 2,Work/School,Home,More than 8 hours,50km to 100km,10 to 20 minutes.,6pm to 12am,Somewhat flexible (can be a minor detour),3 to 4 times,More than 6 hours,In-car navigation system,Less than 1km,DC Charger,Duration of charge.,6km to 9km,2.0,"
N/A",Yes,5.0,"Proximity to my destination, Availability of fast charging, Cost of charging, User-friendly interface, Safety and security of the location",Availability increase,Increase the number of charging stations,It is more convenient to charge my vehicle only after ending my trips for the day.,Yes,Slightly increases travel time.,20% - 40%,Toilets,I choose charging stations that are conveniently located along my preferred route.,2.0,I have to park further from my destination.,Slightly less convenient,TS1
Male,35-44,Self-employed,Master's degree,"Over £70,000",Yes - children aged under 5 years old,White,Yes,1,Cost savings,Plug-in hybrid EV (powered by combination of rechargeable battery and gasoline engine or generator; includes range extenders),Toyota Prius,Less than 100 km,Less than 6 months,Rarely,My EV is not capable of DC fast charging,Single family house/townhouse with dedicated parking,Standard wall electrical outlet (Level 1),1 to 2,Work/School,Home,More than 8 hours,10km to 30km,10 to 20 minutes.,6am to 12pm,Not flexible (must be very close to usual routes),1 to 2 times,3 to 6 hours,Online map,1km to 2km,DC Charger,Duration of charge.,1km to 3km,3.0,Many cars charging,No,3.0,"Proximity to my destination, Availability of fast charging, Cost of charging, User-friendly interface, Safety and security of the location",Faster,Increase the number of charging stations,I charge my vehicle earlier in the day or later at night to avoid peak energy usage hours.,Yes,Increases travel time significantly.,20% - 40%,"Fast charge,no magnetic fields",I plan my route entirely around charging stations.,2.0,I have to park further from my destination.,Slightly more convenient,NE34
Male,35-44,Employed,Bachelor's degree,"£50,001 - £70,000",No children aged 18 or under,White,Yes,1,Technological interest,Battery EV (exclusively powered by a rechargeable battery),Tesla Model 3,400-500 km,More than 3 years,Weekly,Supercharger (Tesla),Single family house/townhouse with dedicated parking,Fixed/hard-wired Level 2 charging station,3 to 4,"Work/School, Leisure, Errands",Home,5 to 8 hours,30km to 50km,20 to 30 minutes.,12am to 6am,Somewhat flexible (can be a minor detour),1 to 2 times,3 to 6 hours,In-car navigation system,1km to 2km,DC Charger,Duration of charge.,More than 9km,3.0,Tesla Superchargers are always working reliably and are very easy to connect to.,Yes,4.0,"Proximity to my destination, Availability of fast charging, Cost of charging, User-friendly interface",Do away with annoying apps and long handshake times.,Increase the number of charging stations,I charge my vehicle earlier in the day or later at night to avoid peak energy usage hours.,Yes,Slightly increases travel time.,60% - 80%,Easy and quick contactless payment or 'hands free' payment using a preinstalled app on phone.,I choose charging stations that are conveniently located along my preferred route.,2.0,No impact on my parking habits.,No difference,NE2
Male,18-24,Employed,Master's degree,"Over £70,000",No children aged 18 or under,White,Yes,1,Cost savings,Battery EV (exclusively powered by a rechargeable battery),Tesla Model 3,200-300 km,6 months - 1 year,Weekly,Not sure,Single family house/townhouse without dedicated parking,Standard wall electrical outlet (Level 1),1 to 2,Work/School,Home,5 to 8 hours,30km to 50km,10 to 20 minutes.,6pm to 12am,Somewhat flexible (can be a minor detour),3 to 4 times,3 to 6 hours,In-car navigation system,1km to 2km,DC Charger,Duration of charge.,1km to 3km,3.0,When my local council provided electricity for free for all EV drivers in the city centre and reduced price parking,No,,"Proximity to my destination, Availability of fast charging, Cost of charging","More free facilities, such as air for tyres, water for screen wash.",Increase the number of charging stations,I charge my vehicle earlier in the day or later at night to avoid peak energy usage hours.,Yes,Slightly reduces travel time.,20% - 40%,Free amenities such as water and air,I choose charging stations that are conveniently located along my preferred route.,4.0,I can park closer to my destination.,Slightly more convenient,NE2
Male,35-44,Employed,Some college,"£50,001 - £70,000",Yes - children aged 16 to 18 years old,White,Yes,2,Cost savings,Battery EV (exclusively powered by a rechargeable battery),"Tesla Model 3, Other (please specify)",300-400 km,More than 3 years,Weekly,Supercharger (Tesla),Single family house/townhouse without dedicated parking,I do not charge at home,1 to 2,Work/School,Home,More than 8 hours,10km to 30km,10 to 20 minutes.,6am to 12pm,Somewhat flexible (can be a minor detour),1 to 2 times,3 to 6 hours,Mobile app,2km to 3km,AC Charger,Cost.,6km to 9km,1.0,"When they break, they hardly ever get fixed up again. BP Pulse. I'm looking at you ",Yes,1.0,"Availability of fast charging, Cost of charging, Amenities available nearby (e.g., restrooms, shops)",Pricing always in site,Increase the number of charging stations,I will wait to charge my vehicle when the cost is at its lowest.,Yes,Slightly increases travel time.,20% - 40%,More chargers,I choose charging stations that are conveniently located along my preferred route.,3.0,No impact on my parking habits.,No difference,SR8
Male,55-64,Retired,Bachelor's degree,"Over £70,000",No children aged 18 or under,White,Yes,1,Cost savings,Battery EV (exclusively powered by a rechargeable battery),Other (please specify),300-400 km,More than 3 years,Rarely,Not sure,Single family house/townhouse with dedicated parking,Standard wall electrical outlet (Level 1),3 to 4,Work/School,Home,5 to 8 hours,More than 100km,10 to 20 minutes.,Unknown,Not flexible (must be very close to usual routes),3 to 4 times,More than 6 hours,Mobile app,1km to 2km,AC Charger,Cost.,Less than 1km,1.0,On a journey to Dorset surprised how easy it was to find a charger south of Derby,Yes,5.0,"Availability of fast charging, Amenities available nearby (e.g., restrooms, shops)",,Increase the number of charging stations,I will wait to charge my vehicle when the cost is at its lowest.,Yes,Increases travel time significantly.,60% - 80%,More of them and decent facilities nearby,I plan my route entirely around charging stations.,1.0,I can park closer to my destination.,Slightly less convenient,NE66
Male,35-44,Employed,Master's degree,"£35,001 - £50,000",Yes - children aged under 5 years old,White,Yes,1,Cost savings,Battery EV (exclusively powered by a rechargeable battery),Other (please specify),200-300 km,Less than 6 months,Rarely,CCS (Combined Charging System; or Combo 2; or SAE),Single family house/townhouse with dedicated parking,Fixed/hard-wired Level 2 charging station,3 to 4,"Work/School, Leisure, Errands, Returning Home",Home,More than 8 hours,10km to 30km,20 to 30 minutes.,12am to 6am,Somewhat flexible (can be a minor detour),1 to 2 times,3 to 6 hours,Mobile app,2km to 3km,DC Charger,Duration of charge.,3km to 6km,3.0,Bit fiddly having to download app but worked.,Yes,4.0,"Proximity to my destination, Availability of fast charging",One app for all,Increase the number of charging stations,I charge my vehicle earlier in the day or later at night to avoid peak energy usage hours.,Yes,No impact on travel time.,20% - 40%,One app for all chargers,I choose charging stations that are conveniently located along my preferred route.,3.0,No impact on my parking habits.,Slightly less convenient,SR4
Female,45-54,Employed,Bachelor's degree,"£50,001 - £70,000",Yes - children aged 16 to 18 years old,White,Yes,1,Cost savings,Battery EV (exclusively powered by a rechargeable battery),Other (please specify),200-300 km,More than 3 years,Rarely,CCS (Combined Charging System; or Combo 2; or SAE),Single family house/townhouse with dedicated parking,Fixed/hard-wired Level 2 charging station,3 to 4,"Work/School, Leisure, Errands, Returning Home",Home,3 to 5 hours,30km to 50km,10 to 20 minutes.,12pm to 6pm,Somewhat flexible (can be a minor detour),5 to 6 times,3 to 6 hours,In-car navigation system,Less than 1km,DC Charger,Duration of charge.,1km to 3km,5.0,I was trying to get a charge in a remote area. There was another ev user at the charger who showed me that I could use fast charger by removing the rubber cover from my type 2 port. Before that I thought I could only do slow charges. There is often a camaraderie amongst ev users.,Yes,3.0,"Proximity to my destination, Availability of fast charging, Cost of charging, Safety and security of the location",A ev charging attendant who could assist with setting up the charge and inform you of when you can expect the to get a slot if there is a queue. They could also help manage the queue during busy periods ,Improve reliability and maintenance of existing stations,It is more convenient to charge my vehicle directly after ending every trip.,Yes,,20% - 40%,"You should be able to see if they are working or if there are spaces from the roadside ie, before you enter a motorway service station. ",I only consider charging stations as a backup plan o d. I do not consider charging stations in my route planning.,3.0,No impact on my parking habits.,No difference,DL5
Male,35-44,Employed,Bachelor's degree,"Over £70,000",Yes - children aged 11 to 15 years old,White,Yes,1,Cost savings,Battery EV (exclusively powered by a rechargeable battery),Hyundai Ioniq,200-300 km,6 months - 1 year,Monthly,CCS (Combined Charging System; or Combo 2; or SAE),Single family house/townhouse with dedicated parking,Fixed/hard-wired Level 2 charging station,1 to 2,Work/School,Home,5 to 8 hours,30km to 50km,< 10 minutes.,12am to 6am,Somewhat flexible (can be a minor detour),3 to 4 times,More than 6 hours,Mobile app,Less than 1km,DC Charger,Duration of charge.,3km to 6km,4.0,"The first time I used a public charger I couldn't get the charge to stop at the end so the cable wouldn't disconnect from the car. After a moment of panic I called the number on the charging station and a women on the phone ended the charge session remotely, it was a simple process.",No,2.0,"Proximity to my destination, Availability of fast charging, Cost of charging, Amenities available nearby (e.g., restrooms, shops)",More amenities nearby and more shelter over the charging stations to keep rain off.,Increase the number of charging stations,I charge my vehicle earlier in the day or later at night to avoid peak energy usage hours.,Not sure,No impact on travel time.,20% - 40%,"Seating area with toilets, coffee etc. Rain shelter over the chargers themselves.",I choose charging stations that are conveniently located along my preferred route.,3.0,No impact on my parking habits.,No difference,DH3
Female,25-34,Employed,Bachelor's degree,"£35,001 - £50,000",Yes - children aged 5 to 10 years old,White,Yes,1,Cost savings,,Hyundai Ioniq,200-300 km,6 months - 1 year,Weekly,CCS (Combined Charging System; or Combo 2; or SAE),Single family house/townhouse without dedicated parking,I do not charge at home,1 to 2,Work/School,Home,5 to 8 hours,30km to 50km,> 30 minutes.,6am to 12pm,Somewhat flexible (can be a minor detour),3 to 4 times,3 to 6 hours,Mobile app,Less than 1km,DC Charger,Duration of charge.,1km to 3km,5.0,When i first started charging my car I struggled to get the charger to work in a public supermarket,Yes,5.0,"Proximity to my destination, Availability of fast charging, Cost of charging",Less complicated,Increase the number of charging stations,It is more convenient to charge my vehicle only after ending my trips for the day.,Yes,No impact on travel time.,40% - 60%,,I choose charging stations that are conveniently located along my preferred route.,4.0,I can park closer to my destination.,Much more convenient,TS2
Male,45-54,Employed,Some college,"£35,001 - £50,000",Yes - children aged 11 to 15 years old,White,Yes,1,Cost savings,Battery EV (exclusively powered by a rechargeable battery),Nissan Leaf,200-300 km,1-3 years,Monthly,CHAdeMO,Single family house/townhouse with dedicated parking,Fixed/hard-wired Level 2 charging station,3 to 4,"Work/School, Leisure, Errands, Returning Home",Home,More than 8 hours,50km to 100km,20 to 30 minutes.,12am to 6am,Somewhat flexible (can be a minor detour),5 to 6 times,3 to 6 hours,Mobile app,2km to 3km,DC Charger,Duration of charge.,6km to 9km,2.0,"Onholiday in scotland i had issues getting a public fast charger to connect to my vehicle and start charging. The charger showed that it recognised my credit card and approved the charge but did not deliver. I would have been stuck using a slower charger for a duration of 4 hours insted of approximately 45 minutes, this would have resulted in missing check in time at the holiday accomodation. I was helped by a good samaritan who used their RFID card to start charging on my behalf and who i then reimbursed with cash.",Yes,5.0,"Proximity to my destination, Availability of fast charging, Cost of charging, User-friendly interface, Safety and security of the location, availability of ChadEmo type connector",More charging stations. Have a universal interface (for example using a credit cared to start charging) instead of having multiple phone apps for various suppliers,Increase the number of charging stations,I charge my vehicle earlier in the day or later at night to avoid peak energy usage hours.,Not sure,Increases travel time significantly.,Below 20%,More rapid charging station and better signage to locate them,I choose charging stations that are conveniently located along my preferred route.,2.0,No impact on my parking habits.,Slightly less convenient,NE6
Female,35-44,Employed,Bachelor's degree,"Over £70,000",Yes - children aged under 5 years old,White,Yes,1,Environmental concerns,Battery EV (exclusively powered by a rechargeable battery),Other (please specify),100-200 km,Less than 6 months,Never,Not sure,Single family house/townhouse with dedicated parking,Standard wall electrical outlet (Level 1),1 to 2,Work/School,Home,More than 8 hours,10km to 30km,10 to 20 minutes.,12am to 6am,Somewhat flexible (can be a minor detour),1 to 2 times,3 to 6 hours,In-car navigation system,1km to 2km,DC Charger,Duration of charge.,1km to 3km,2.0,So much more expensive than charging at home ,Yes,2.0,"Proximity to my destination, Availability of fast charging, Cost of charging, Safety and security of the location, Amenities available nearby (e.g., restrooms, shops)",People being forced to move their cars when fully charged ,Increase the number of charging stations,I charge my vehicle earlier in the day or later at night to avoid peak energy usage hours.,Yes,No impact on travel time.,Below 20%,Faster charge ,I choose charging stations that are conveniently located along my preferred route.,3.0,No impact on my parking habits.,Much less convenient,TS7
Male,45-54,Employed,Bachelor's degree,"£35,001 - £50,000",No children aged 18 or under,White,Yes,1,Government incentives,Plug-in hybrid EV (powered by combination of rechargeable battery and gasoline engine or generator; includes range extenders),Audi e-tron #,Less than 100 km,More than 3 years,Rarely,Not sure,Single family house/townhouse with dedicated parking,Standard wall electrical outlet (Level 1),3 to 4,"Work/School, Errands",Home,5 to 8 hours,30km to 50km,< 10 minutes.,6pm to 12am,Not flexible (must be very close to usual routes),Every day to the week,More than 6 hours,Mobile app,1km to 2km,DC Charger,Duration of charge.,1km to 3km,1.0,Travelled to charging station showing on app as available to find vehicle parked in bay not using charger.,Yes,1.0,"Proximity to my destination, Cost of charging, Amenities available nearby (e.g., restrooms, shops)",Increased availability and lower cost in comparison to petrol,Increase the number of charging stations,It is more convenient to charge my vehicle directly after ending every trip.,No,No impact on travel time.,20% - 40%,Public toilets nearby,I only consider charging stations as a backup plan o d. I do not consider charging stations in my route planning.,2.0,No impact on my parking habits.,Slightly less convenient,NE34
Female,35-44,Employed,High school diploma,"Over £70,000",Yes - children aged 11 to 15 years old,White,Yes,1,Cost savings,Plug-in hybrid EV (powered by combination of rechargeable battery and gasoline engine or generator; includes range extenders),Other (please specify),100-200 km,Less than 6 months,Monthly,Not sure,Single family house/townhouse with dedicated parking,Fixed/hard-wired Level 2 charging station,1 to 2,"Work/School, Leisure, Errands, Returning Home",Home,3 to 5 hours,10km to 30km,10 to 20 minutes.,12am to 6am,Somewhat flexible (can be a minor detour),1 to 2 times,More than 6 hours,Mobile app,Less than 1km,DC Charger,Duration of charge.,3km to 6km,4.0,"A memorable experience for me was when a new public charging station was fitted in my town, it was the first one to be fitted (more have since been added), meaning that I could charge if needed whilst shopping. ",No,4.0,"Proximity to my destination, Cost of charging, Safety and security of the location",More of them in busy locations. ,Allow for longer charging sessions,I charge my vehicle earlier in the day or later at night to avoid peak energy usage hours.,Yes,Slightly increases travel time.,20% - 40%,If there was the ability to wirelessly charge that would be amazing!,I choose charging stations that are conveniently located along my preferred route.,4.0,No impact on my parking habits.,No difference,NE6
Female,35-44,Employed,Master's degree,"Over £70,000",Yes - children aged 5 to 10 years old,White,Yes,1,Environmental concerns,Plug-in hybrid EV (powered by combination of rechargeable battery and gasoline engine or generator; includes range extenders),Mercedes Benz C Class,200-300 km,Less than 6 months,Weekly,CCS (Combined Charging System; or Combo 2; or SAE),Single family house/townhouse with dedicated parking,Standard wall electrical outlet (Level 1),1 to 2,"Work/School, Leisure",Home,5 to 8 hours,Less than 10km,10 to 20 minutes.,12am to 6am,Somewhat flexible (can be a minor detour),Every day to the week,More than 6 hours,Mobile app,Less than 1km,DC Charger,Duration of charge.,Less than 1km,3.0,not really,Yes,5.0,"Proximity to my destination, Availability of fast charging, Cost of charging",more charging stations,Increase the number of charging stations,It is more convenient to charge my vehicle only after ending my trips for the day.,Yes,Slightly increases travel time.,40% - 60%,somewhere to eat aswell,I plan my route entirely around charging stations.,3.0,I have to park further from my destination.,Much less convenient,TS1
Female,25-34,Employed,Bachelor's degree,"£50,001 - £70,000",No children aged 18 or under,White,Yes,1,Cost savings,Plug-in hybrid EV (powered by combination of rechargeable battery and gasoline engine or generator; includes range extenders),Kia Niro,200-300 km,6 months - 1 year,Never,Not sure,Single family house/townhouse with dedicated parking,I do not charge at home,3 to 4,"Work/School, Errands",Others,1 to 3 hours,50km to 100km,> 30 minutes.,6pm to 12am,Somewhat flexible (can be a minor detour),1 to 2 times,1 to 3 hours,Mobile app,1km to 2km,DC Charger,Duration of charge.,3km to 6km,4.0,,No,1.0,"Amenities available nearby (e.g., restrooms, shops)",Not sure ,Increase the number of charging stations,I charge my vehicle earlier in the day or later at night to avoid peak energy usage hours.,Yes,No impact on travel time.,20% - 40%,,I choose charging stations that are conveniently located along my preferred route.,2.0,No impact on my parking habits.,Slightly less convenient,NE9
Female,25-34,Employed,Bachelor's degree,"£20,000 - £35,000",No children aged 18 or under,White,Yes,1,Cost savings,Battery EV (exclusively powered by a rechargeable battery),Nissan Leaf,200-300 km,6 months - 1 year,Monthly,Not sure,Single family house/townhouse with dedicated parking,Standard wall electrical outlet (Level 1),1 to 2,Work/School,Home,5 to 8 hours,30km to 50km,10 to 20 minutes.,6pm to 12am,Somewhat flexible (can be a minor detour),3 to 4 times,1 to 3 hours,In-car navigation system,1km to 2km,DC Charger,Cost.,1km to 3km,2.0,"i was looking for a charging station for a period of time when i finally came across one. it was the only one near by and when i went to charge my car, the chargers were down and not working.",Yes,4.0,"Proximity to my destination, Availability of fast charging, Cost of charging",making them more accessible,Increase the number of charging stations,It is more convenient to charge my vehicle only after ending my trips for the day.,Not sure,Slightly increases travel time.,20% - 40%,more available and cheaper to the public making them more reliable,I choose charging stations that are conveniently located along my preferred route.,2.0,No impact on my parking habits.,No difference,TS2
Male,25-34,Employed,Some college,"Over £70,000",Yes - children aged under 5 years old,White,Yes,1,Cost savings,Battery EV (exclusively powered by a rechargeable battery),Tesla Model 3,200-300 km,1-3 years,Rarely,CCS (Combined Charging System; or Combo 2; or SAE),Single family house/townhouse without dedicated parking,Fixed/hard-wired Level 2 charging station,1 to 2,Others,Home,More than 8 hours,10km to 30km,< 10 minutes.,12am to 6am,Not flexible (must be very close to usual routes),Every day to the week,3 to 6 hours,In-car navigation system,1km to 2km,AC Charger,Cost.,1km to 3km,5.0,Tesla super charger in Solihull. Quick charging and always empty. ,Yes,5.0,"Availability of fast charging, Cost of charging",Cheaper ,Increase the number of charging stations,It is more convenient to charge my vehicle directly after ending every trip.,Yes,No impact on travel time.,Above 80%,Cheaper and more availability.,I only consider charging stations as a backup plan o d. I do not consider charging stations in my route planning.,3.0,No impact on my parking habits.,Slightly more convenient,DH7
Female,25-34,Employed,Bachelor's degree,"Over £70,000",No children aged 18 or under,Asian / Asian British,Yes,1,Cost savings,Battery EV (exclusively powered by a rechargeable battery),Other (please specify),200-300 km,1-3 years,Rarely,Supercharger (Tesla),Single family house/townhouse with dedicated parking,Standard wall electrical outlet (Level 1),1 to 2,"Work/School, Returning Home",Home,5 to 8 hours,30km to 50km,10 to 20 minutes.,6pm to 12am,Somewhat flexible (can be a minor detour),1 to 2 times,3 to 6 hours,Mobile app,1km to 2km,DC Charger,Duration of charge.,1km to 3km,2.0,Nearly ran out of charge due to trying multiple charging stations which turned out to be closed,Yes,5.0,"Proximity to my destination, Availability of fast charging, Cost of charging, Safety and security of the location",More availability,Increase the number of charging stations,I charge my vehicle earlier in the day or later at night to avoid peak energy usage hours.,Yes,Slightly increases travel time.,20% - 40%,Maybe some sort of waiting area/cafe if chargers are slower,I choose charging stations that are conveniently located along my preferred route.,2.0,No impact on my parking habits.,Slightly less convenient,NE2
Female,25-34,Employed,Bachelor's degree,"£50,001 - £70,000",Yes - children aged under 5 years old,White,Yes,1,Government incentives,Plug-in hybrid EV (powered by combination of rechargeable battery and gasoline engine or generator; includes range extenders),Other (please specify),Less than 100 km,1-3 years,Rarely,Not sure,Single family house/townhouse with dedicated parking,I do not charge at home,3 to 4,"Work/School, Leisure, Errands, Returning Home",Home,3 to 5 hours,30km to 50km,< 10 minutes.,6am to 12pm,Not flexible (must be very close to usual routes),1 to 2 times,1 to 3 hours,In-car navigation system,Less than 1km,DC Charger,Duration of charge.,Less than 1km,3.0,Over charged me and didn't charge my car properly ,No,2.0,"Proximity to my destination, Availability of fast charging, Cost of charging",Free while you shopped,Provide incentives for EV owners to share private charging stations,I charge my vehicle when I need to regardless of peak energy usage hours.,Yes,No impact on travel time.,Below 20%,"WiFi, vending machine toilets nearby",I only consider charging stations as a backup plan o d. I do not consider charging stations in my route planning.,3.0,I can park closer to my destination.,Slightly more convenient,NE2
Male,35-44,Employed,Bachelor's degree,"£20,000 - £35,000",No children aged 18 or under,White,Yes,1,Cost savings,Battery EV (exclusively powered by a rechargeable battery),Other (please specify),400-500 km,6 months - 1 year,Weekly,CCS (Combined Charging System; or Combo 2; or SAE),Single family house/townhouse without dedicated parking,I do not charge at home,1 to 2,Work/School,Home,More than 8 hours,30km to 50km,< 10 minutes.,6am to 12pm,Somewhat flexible (can be a minor detour),1 to 2 times,More than 6 hours,Mobile app,1km to 2km,DC Charger,Duration of charge.,3km to 6km,3.0,"nothing particularly notable, i stopped for a charge on a long journey, having taken a detour and found the charger was offline, and the app didnt reflect that, so i had to have a significant detour, and nearly ran out of power",Yes,4.0,"Proximity to my destination, Availability of fast charging, Cost of charging, Amenities available nearby (e.g., restrooms, shops)","more availability, better reporting of functionality",Increase the number of charging stations,I will wait to charge my vehicle when the cost is at its lowest.,Yes,Slightly increases travel time.,40% - 60%,advance booking perhaps?,I choose charging stations that are conveniently located along my preferred route.,3.0,I can park closer to my destination.,Much more convenient,NE1
Male,25-34,Employed,Bachelor's degree,"£20,000 - £35,000",No children aged 18 or under,Black / African / Caribbean / Black British,Yes,1,Other (please specify),Battery EV (exclusively powered by a rechargeable battery),Other (please specify),Less than 100 km,Less than 6 months,Weekly,CHAdeMO,Rental apartment in high-rise building,Shared DC fast charger,1 to 2,Leisure,Home,More than 8 hours,Less than 10km,> 30 minutes.,6pm to 12am,Flexible (can be a major detour),1 to 2 times,1 to 3 hours,Mobile app,Less than 1km,DC Charger,Availability of charger on-route.,Less than 1km,4.0,Getting to the charging station with ease and see how people are adopting electric vehicles.,No,4.0,"Proximity to my destination, Availability of fast charging, User-friendly interface, Safety and security of the location, Amenities available nearby (e.g., restrooms, shops), Environmental considerations (e.g., renewable energy sources)",Increase of number of charging points,Increase the number of charging stations,I charge my vehicle when I need to regardless of peak energy usage hours.,Yes,Slightly reduces travel time.,20% - 40%,Fast charging,I choose charging stations that are conveniently located along my preferred route.,4.0,No impact on my parking habits.,Much more convenient,NE1
Female,25-34,Employed,Bachelor's degree,"Over £70,000",No children aged 18 or under,White,Yes,1,Environmental concerns,Battery EV (exclusively powered by a rechargeable battery),Other (please specify),200-300 km,Less than 6 months,Weekly,Not sure,Single family house/townhouse with dedicated parking,Standard wall electrical outlet (Level 1),1 to 2,Work/School,Home,3 to 5 hours,Less than 10km,< 10 minutes.,6pm to 12am,Somewhat flexible (can be a minor detour),3 to 4 times,1 to 3 hours,In-car navigation system,Less than 1km,DC Charger,Duration of charge.,3km to 6km,1.0,It was plugged in three hours and charged 3%,Yes,5.0,"Availability of fast charging, Cost of charging, User-friendly interface",If they were more frequent,Improve reliability and maintenance of existing stations,I charge my vehicle when I need to regardless of peak energy usage hours.,Yes,Slightly reduces travel time.,20% - 40%,Faster charging with more cars per unit,I plan my route entirely around charging stations.,1.0,I have to park further from my destination.,Much less convenient,NE6
Male,25-34,Employed,Bachelor's degree,"£20,000 - £35,000",No children aged 18 or under,Black / African / Caribbean / Black British,Yes,1,Cost savings,Plug-in hybrid EV (powered by combination of rechargeable battery and gasoline engine or generator; includes range extenders),BMW 3 Series c.,Less than 100 km,6 months - 1 year,Weekly,CCS (Combined Charging System; or Combo 2; or SAE),Single family house/townhouse with dedicated parking,Standard wall electrical outlet (Level 1),3 to 4,"Work/School, Leisure, Errands",Home,5 to 8 hours,Less than 10km,10 to 20 minutes.,12am to 6am,Somewhat flexible (can be a minor detour),3 to 4 times,1 to 3 hours,Mobile app,Less than 1km,AC Charger,Duration of charge.,Less than 1km,4.0,,No,4.0,"Proximity to my destination, Availability of fast charging, User-friendly interface, Safety and security of the location",,Enhance user experience through better signage and information,I charge my vehicle earlier in the day or later at night to avoid peak energy usage hours.,Yes,Slightly reduces travel time.,20% - 40%,,I choose charging stations that are conveniently located along my preferred route.,3.0,I can park closer to my destination.,Slightly more convenient,WF1
Male,35-44,Employed,Bachelor's degree,"£20,000 - £35,000",No children aged 18 or under,Black / African / Caribbean / Black British,Yes,1,Cost savings,Plug-in hybrid EV (powered by combination of rechargeable battery and gasoline engine or generator; includes range extenders),Toyota Prius,Less than 100 km,Less than 6 months,Weekly,CHAdeMO,Rental apartment in high-rise building,I do not charge at home,1 to 2,Work/School,Home,1 to 3 hours,10km to 30km,< 10 minutes.,6pm to 12am,Not flexible (must be very close to usual routes),3 to 4 times,1 to 3 hours,Mobile app,2km to 3km,DC Charger,Duration of charge.,3km to 6km,4.0,A day I was done charging was trying to pay and there was payment process issues made me got to work late.,Yes,5.0,"Availability of fast charging, Safety and security of the location",Standardized payment method and high power chargers for quick top-ups and also transparent pricing.,Increase the number of charging stations,It is more convenient to charge my vehicle only after ending my trips for the day.,Yes,No impact on travel time.,20% - 40%,High fast chargers for quick top-ups and a conducive waiting area. ,I only consider charging stations as a backup plan o d. I do not consider charging stations in my route planning.,4.0,No impact on my parking habits.,Much more convenient,NE1
Male,18-24,Employed,Master's degree,"Over £70,000",No children aged 18 or under,White,Yes,1,Other (please specify),Plug-in hybrid EV (powered by combination of rechargeable battery and gasoline engine or generator; includes range extenders),Tesla Model X,200-300 km,Less than 6 months,Weekly,Not sure,Single family house/townhouse with dedicated parking,Standard wall electrical outlet (Level 1),1 to 2,Leisure,Home,3 to 5 hours,Less than 10km,10 to 20 minutes.,6am to 12pm,Not flexible (must be very close to usual routes),1 to 2 times,3 to 6 hours,Mobile app,Less than 1km,DC Charger,Duration of charge.,1km to 3km,3.0,Negative- waiting for an hour,Yes,3.0,"Proximity to my destination, Availability of fast charging, Cost of charging, User-friendly interface, Safety and security of the location",Have cafes next to them,Increase the number of charging stations,It is more convenient to charge my vehicle directly after ending every trip.,Yes,Slightly reduces travel time.,20% - 40%,Cafe next to them,I plan my route entirely around charging stations.,2.0,I have to park further from my destination.,No difference,NE2
Male,45-54,Employed,Bachelor's degree,"£35,001 - £50,000",Yes - children aged under 5 years old,Black / African / Caribbean / Black British,Yes,1,Cost savings,Battery EV (exclusively powered by a rechargeable battery),Tesla Model S,200-300 km,6 months - 1 year,Rarely,Supercharger (Tesla),Single family house/townhouse with dedicated parking,Standard wall electrical outlet (Level 1),3 to 4,"Work/School, Errands, Returning Home",Home,More than 8 hours,10km to 30km,10 to 20 minutes.,12am to 6am,Not flexible (must be very close to usual routes),1 to 2 times,3 to 6 hours,In-car navigation system,Less than 1km,DC Charger,Duration of charge.,1km to 3km,2.0,There wher lots of people waiting to charge,No,4.0,"Availability of fast charging, Cost of charging, Amenities available nearby (e.g., restrooms, shops)",Having lots of charging ports and in a seat out area,Increase the number of charging stations,It is more convenient to charge my vehicle only after ending my trips for the day.,Yes,Increases travel time significantly.,40% - 60%,To be built in a leisure area where you can pass rime while charging ,I only consider charging stations as a backup plan o d. I do not consider charging stations in my route planning.,3.0,No impact on my parking habits.,No difference,TS24
Male,45-54,Employed,Bachelor's degree,"£20,000 - £35,000",No children aged 18 or under,White,Yes,0,Technological interest,,BMW 5 Series,Less than 100 km,,Weekly,CCS (Combined Charging System; or Combo 2; or SAE),Rental apartment in high-rise building,Portable Level 2 charging station,1 to 2,Leisure,Home,More than 8 hours,10km to 30km,> 30 minutes.,6am to 12pm,Not flexible (must be very close to usual routes),1 to 2 times,Less than 1 hour,,1km to 2km,AC Charger,,Less than 1km,3.0,NEGATIVE,,5.0,Proximity to my destination,MORE OPTIONS,Allow for longer charging sessions,,Yes,,Below 20%,WATER,I plan my route entirely around charging stations.,3.0,I have to park further from my destination.,Much more convenient,DL14
Female,25-34,Employed,Master's degree,"£50,001 - £70,000",Yes - children aged under 5 years old,Black / African / Caribbean / Black British,Yes,1,Environmental concerns,Plug-in hybrid EV (powered by combination of rechargeable battery and gasoline engine or generator; includes range extenders),Toyota Prius,100-200 km,6 months - 1 year,Weekly,My EV is not capable of DC fast charging,"Rental apartment in low-rise building (e.g., duplex, triplex, basement apartment)",Standard wall electrical outlet (Level 1),3 to 4,Work/School,Home,5 to 8 hours,30km to 50km,20 to 30 minutes.,12am to 6am,Somewhat flexible (can be a minor detour),5 to 6 times,3 to 6 hours,Mobile app,1km to 2km,DC Charger,Duration of charge.,3km to 6km,3.0,I had a low battery on my way to work. I branched at a charging station but unfortunately I met two cars ahead of me. I pleaded so I can charge my car because I was running late for work. ,Yes,5.0,"Proximity to my destination, Availability of fast charging, Cost of charging, User-friendly interface, Safety and security of the location, Amenities available nearby (e.g., restrooms, shops), Environmental considerations (e.g., renewable energy sources)",Ability to use mobile application to track nearest charging stations.,Improve reliability and maintenance of existing stations,It is more convenient to charge my vehicle only after ending my trips for the day.,Yes,Slightly increases travel time.,Below 20%,"Easy payment options
Comfortable waiting areas",I choose charging stations that are conveniently located along my preferred route.,3.0,I have to park further from my destination.,Slightly less convenient,SR4
Male,18-24,Student,Bachelor's degree,"Over £70,000",No children aged 18 or under,White,Yes,1,Environmental concerns,Battery EV (exclusively powered by a rechargeable battery),Audi e-tron #,300-400 km,1-3 years,Monthly,Not sure,Single family house/townhouse with dedicated parking,Fixed/hard-wired Level 2 charging station,1 to 2,"Leisure, Errands",Workplace,1 to 3 hours,10km to 30km,10 to 20 minutes.,12pm to 6pm,Somewhat flexible (can be a minor detour),1 to 2 times,1 to 3 hours,Mobile app,1km to 2km,DC Charger,Duration of charge.,6km to 9km,2.0,Charging stations that are not functioning properly and they are the only one in the area,Yes,4.0,"Proximity to my destination, Amenities available nearby (e.g., restrooms, shops)","More chargers available, instead of just one or two",Increase the number of charging stations,I charge my vehicle when I need to regardless of peak energy usage hours.,Yes,Increases travel time significantly.,20% - 40%,"wifi availability in remote areas, vending machines",I choose charging stations that are conveniently located along my preferred route.,3.0,No impact on my parking habits.,Much less convenient,DH1
Non-binary,18-24,Employed,Bachelor's degree,"£20,000 - £35,000",No children aged 18 or under,White,Yes,1,Environmental concerns,Battery EV (exclusively powered by a rechargeable battery),Volkswagen e-Golf,200-300 km,Less than 6 months,Monthly,CCS (Combined Charging System; or Combo 2; or SAE),Single family house/townhouse with dedicated parking,Fixed/hard-wired Level 2 charging station,1 to 2,"Leisure, Errands",Home,1 to 3 hours,Less than 10km,10 to 20 minutes.,6pm to 12am,Somewhat flexible (can be a minor detour),1 to 2 times,1 to 3 hours,In-car navigation system,1km to 2km,DC Charger,Duration of charge.,1km to 3km,2.0,I was running low on battery but luckily a friend who also owns an EV let me know of a nearby charging station,Yes,2.0,"Proximity to my destination, Amenities available nearby (e.g., restrooms, shops)",More locations/easily accesible,Increase the number of charging stations,I charge my vehicle earlier in the day or later at night to avoid peak energy usage hours.,Yes,Slightly increases travel time.,Below 20%,HAve them in locations which have various shops/leisure activites nearby,I choose charging stations that are conveniently located along my preferred route.,3.0,I have to park further from my destination.,Slightly more convenient,NE2
Male,35-44,Employed,Bachelor's degree,"Over £70,000",Yes - children aged 11 to 15 years old,White,Yes,1,Cost savings,Battery EV (exclusively powered by a rechargeable battery),Other (please specify),100-200 km,1-3 years,Rarely,CCS (Combined Charging System; or Combo 2; or SAE),Single family house/townhouse with dedicated parking,Standard wall electrical outlet (Level 1),3 to 4,"Work/School, Leisure, Errands",Home,5 to 8 hours,10km to 30km,< 10 minutes.,12pm to 6pm,Not flexible (must be very close to usual routes),5 to 6 times,More than 6 hours,Mobile app,Less than 1km,DC Charger,Duration of charge.,Less than 1km,4.0,Unable to take payment with my card which then took ages to resolve,No,4.0,"Proximity to my destination, Availability of fast charging, Cost of charging, Amenities available nearby (e.g., restrooms, shops)",Costs and number of working chargers,Improve reliability and maintenance of existing stations,It is more convenient to charge my vehicle only after ending my trips for the day.,Yes,No impact on travel time.,20% - 40%,Easier to start the charging process and more consistency,I choose charging stations that are conveniently located along my preferred route.,3.0,No impact on my parking habits.,No difference,DL1
Female,35-44,Employed,Bachelor's degree,"£50,001 - £70,000",No children aged 18 or under,White,Yes,1,Cost savings,Battery EV (exclusively powered by a rechargeable battery),Renault Zoe,100-200 km,More than 3 years,Rarely,CCS (Combined Charging System; or Combo 2; or SAE),Single family house/townhouse with dedicated parking,Fixed/hard-wired Level 2 charging station,1 to 2,Errands,Home,5 to 8 hours,Less than 10km,10 to 20 minutes.,6pm to 12am,Somewhat flexible (can be a minor detour),3 to 4 times,3 to 6 hours,Mobile app,Less than 1km,DC Charger,Duration of charge.,3km to 6km,4.0,On a tri[ to Glasgow a year ago we had to stop in three different locations miles apart to find a charger that wasn’t in use,Yes,4.0,"Availability of fast charging, Cost of charging, Amenities available nearby (e.g., restrooms, shops)",Just ensure they’re working,Increase the number of charging stations,It is more convenient to charge my vehicle only after ending my trips for the day.,Yes,Slightly increases travel time.,40% - 60%,Make them faster,I choose charging stations that are conveniently located along my preferred route.,3.0,I can park closer to my destination.,Much more convenient,NE3
Female,35-44,Employed,Bachelor's degree,"Over £70,000",No children aged 18 or under,White,Yes,1,Cost savings,Battery EV (exclusively powered by a rechargeable battery),Mercedes Benz A Class,300-400 km,1-3 years,Weekly,CCS (Combined Charging System; or Combo 2; or SAE),Single family house/townhouse with dedicated parking,Fixed/hard-wired Level 2 charging station,1 to 2,"Work/School, Leisure, Errands",Home,5 to 8 hours,30km to 50km,10 to 20 minutes.,12am to 6am,Somewhat flexible (can be a minor detour),1 to 2 times,3 to 6 hours,Mobile app,Less than 1km,DC Charger,Duration of charge.,3km to 6km,2.0,Charger stopped midway through charge for no reason,Yes,5.0,Proximity to my destination,Better infrastructure,Increase the number of charging stations,It is more convenient to charge my vehicle only after ending my trips for the day.,Yes,Increases travel time significantly.,20% - 40%,Near toilets,I choose charging stations that are conveniently located along my preferred route.,3.0,I have to park further from my destination.,No difference,TS2
Female,25-34,Employed,High school diploma,"£50,001 - £70,000",No children aged 18 or under,White,Yes,1,Cost savings,Plug-in hybrid EV (powered by combination of rechargeable battery and gasoline engine or generator; includes range extenders),Tesla Model X,400-500 km,6 months - 1 year,Weekly,Supercharger (Tesla),Single family house/townhouse with dedicated parking,I do not charge at home,3 to 4,"Work/School, Errands",Home,5 to 8 hours,30km to 50km,< 10 minutes.,6am to 12pm,Not flexible (must be very close to usual routes),1 to 2 times,3 to 6 hours,Mobile app,Less than 1km,DC Charger,Duration of charge.,1km to 3km,1.0,,Yes,2.0,"Proximity to my destination, Availability of fast charging, Cost of charging",,Increase the number of charging stations,I choose to charge my vehicle regardless of the cost.,Yes,Slightly increases travel time.,20% - 40%,,I choose charging stations that are conveniently located along my preferred route.,3.0,No impact on my parking habits.,No difference,NE1
Male,18-24,Student,Bachelor's degree,"Over £70,000",No children aged 18 or under,White,Yes,1,Environmental concerns,Battery EV (exclusively powered by a rechargeable battery),Other (please specify),200-300 km,1-3 years,Weekly,CCS (Combined Charging System; or Combo 2; or SAE),Single family house/townhouse with dedicated parking,Fixed/hard-wired Level 2 charging station,3 to 4,"Work/School, Leisure, Errands",Home,More than 8 hours,30km to 50km,10 to 20 minutes.,12am to 6am,Somewhat flexible (can be a minor detour),Every day to the week,More than 6 hours,In-car navigation system,Less than 1km,DC Charger,Duration of charge.,3km to 6km,2.0,"Often, especially in my area, car parks and service stations with electric chargers will be out of order. I've inquired several times to these service stations and have had replies telling me that they have deliberately put them out of use as not enough people were using them. On one occasion, I was informed that the company supplying the chargers had gone bankrupt and so the chargers were not working anymore. (In regards to the question concerning what model of EV I owned, I was unable to type in the other section and so will indicate here. I own a VW ID3.)",Yes,2.0,"Proximity to my destination, Availability of fast charging",To be able to use them without downloading numerous different apps on my phone.,Increase the number of charging stations,It is more convenient to charge my vehicle directly after ending every trip.,Yes,Slightly increases travel time.,Below 20%,"Increased maintenance is vital. Often, chargers do not work or are out of order.",I choose charging stations that are conveniently located along my preferred route.,3.0,I have to park further from my destination.,Slightly less convenient,YO1
Female,45-54,Unemployed,Bachelor's degree,"£20,000 - £35,000",Yes - children aged 5 to 10 years old,White,Yes,1 - Peugeot 2008 GT,Cost savings,Battery EV (exclusively powered by a rechargeable battery),Other (please specify),100-200 km,Less than 6 months,Monthly,CCS (Combined Charging System; or Combo 2; or SAE),Single family house/townhouse with dedicated parking,Fixed/hard-wired Level 2 charging station,3 to 4,Errands,Home,1 to 3 hours,10km to 30km,10 to 20 minutes.,12am to 6am,Somewhat flexible (can be a minor detour),1 to 2 times,More than 6 hours,Mobile app,1km to 2km,DC Charger,,3km to 6km,3.0,"Negative experiences with people parking their  EV in a charging space near a shop entrance, but not using it to charge their car, just as a parking spot.",Yes,5.0,"Proximity to my destination, Availability of fast charging, Safety and security of the location, Amenities available nearby (e.g., restrooms, shops)",Having the option to just tap a payment card rather than download an app for every different company.,Increase the number of charging stations,I will wait to charge my vehicle when the cost is at its lowest.,Not sure,Increases travel time significantly.,20% - 40%,"Toilets, convenience store or vending machines",I choose charging stations that are conveniently located along my preferred route.,3.0,No impact on my parking habits.,Slightly more convenient,SR4
Male,45-54,Employed,Bachelor's degree,"Over £70,000",Yes - children aged 11 to 15 years old,White,Yes,1,Environmental concerns,Battery EV (exclusively powered by a rechargeable battery),Mercedes Benz A Class,400-500 km,6 months - 1 year,Rarely,Not sure,Single family house/townhouse with dedicated parking,Fixed/hard-wired Level 2 charging station,1 to 2,"Work/School, Leisure",Home,More than 8 hours,10km to 30km,< 10 minutes.,12am to 6am,Not flexible (must be very close to usual routes),Every day to the week,1 to 3 hours,In-car navigation system,Less than 1km,DC Charger,Duration of charge.,1km to 3km,2.0,Mostly negative due to technical issues/lack of availability/cost way too high.,Yes,3.0,"Proximity to my destination, Availability of fast charging",More fast chargers with higher availability,Increase the number of charging stations,I charge my vehicle earlier in the day or later at night to avoid peak energy usage hours.,Not sure,No impact on travel time.,60% - 80%,None - just more availability and reduced cost.,I only consider charging stations as a backup plan o d. I do not consider charging stations in my route planning.,2.0,No impact on my parking habits.,No difference,DH1
Male,18-24,Employed,Bachelor's degree,"£20,000 - £35,000",No children aged 18 or under,Mixed,Yes,1,Cost savings,Plug-in hybrid EV (powered by combination of rechargeable battery and gasoline engine or generator; includes range extenders),Toyota Prius,Less than 100 km,Less than 6 months,Weekly,CCS (Combined Charging System; or Combo 2; or SAE),Single family house/townhouse with dedicated parking,Standard wall electrical outlet (Level 1),1 to 2,"Work/School, Errands",Home,5 to 8 hours,Less than 10km,10 to 20 minutes.,6am to 12pm,Somewhat flexible (can be a minor detour),3 to 4 times,1 to 3 hours,Online map,1km to 2km,DC Charger,Duration of charge.,1km to 3km,3.0,,Yes,4.0,"Proximity to my destination, Availability of fast charging, Cost of charging",Increase availability,Increase the number of charging stations,It is more convenient to charge my vehicle only after ending my trips for the day.,Yes,Increases travel time significantly.,Below 20%,,I choose charging stations that are conveniently located along my preferred route.,3.0,I have to park further from my destination.,Much more convenient,NE2
Female,25-34,Self-employed,Bachelor's degree,"£50,001 - £70,000",Yes - children aged under 5 years old,White,Yes,1,Environmental concerns,Battery EV (exclusively powered by a rechargeable battery),Tesla Model 3,300-400 km,6 months - 1 year,Weekly,Supercharger (Tesla),Single family house/townhouse without dedicated parking,Standard wall electrical outlet (Level 1),1 to 2,Work/School,Home,3 to 5 hours,10km to 30km,< 10 minutes.,6pm to 12am,Not flexible (must be very close to usual routes),3 to 4 times,Less than 1 hour,Online map,Less than 1km,DC Charger,Duration of charge.,Less than 1km,3.0,having no spare chargers,Yes,5.0,"Proximity to my destination, Availability of fast charging, Cost of charging",more chargers,Increase the number of charging stations,I charge my vehicle earlier in the day or later at night to avoid peak energy usage hours.,Not sure,Increases travel time significantly.,Below 20%,not sure,I choose charging stations that are conveniently located along my preferred route.,4.0,No impact on my parking habits.,Slightly less convenient,DH8
Male,25-34,Employed,Bachelor's degree,"£50,001 - £70,000",Yes - children aged under 5 years old,White,Yes,1,Technological interest,Battery EV (exclusively powered by a rechargeable battery),Hyundai Ioniq,200-300 km,1-3 years,Rarely,CCS (Combined Charging System; or Combo 2; or SAE),Single family house/townhouse with dedicated parking,Fixed/hard-wired Level 2 charging station,1 to 2,"Work/School, Errands, Returning Home",Home,More than 8 hours,10km to 30km,10 to 20 minutes.,12am to 6am,Somewhat flexible (can be a minor detour),1 to 2 times,3 to 6 hours,In-car navigation system,Less than 1km,AC Charger,Availability of charger at the end of next trip.,1km to 3km,2.0,One station being full and having to drive an extra 3 miles to get to the next with low battery,Yes,5.0,"Proximity to my destination, Availability of fast charging, Amenities available nearby (e.g., restrooms, shops)",Not require lots of apps,Increase the number of charging stations,It is more convenient to charge my vehicle only after ending my trips for the day.,Yes,Slightly increases travel time.,20% - 40%,Pay directly from card,I choose charging stations that are conveniently located along my preferred route.,3.0,No impact on my parking habits.,Slightly more convenient,TS1
Male,45-54,Employed,Some college,"£35,001 - £50,000",Yes - children aged 5 to 10 years old,White,Yes,1,Cost savings,Battery EV (exclusively powered by a rechargeable battery),Renault Zoe,400-500 km,More than 3 years,Weekly,CCS (Combined Charging System; or Combo 2; or SAE),Single family house/townhouse with dedicated parking,Fixed/hard-wired Level 2 charging station,1 to 2,"Work/School, Leisure, Errands",Home,5 to 8 hours,30km to 50km,10 to 20 minutes.,6pm to 12am,Somewhat flexible (can be a minor detour),3 to 4 times,Less than 1 hour,Mobile app,Less than 1km,DC Charger,Availability of charger on-route.,6km to 9km,3.0,"My experience is mostly negaitive in that its hard to find a charger that is cheap nowadays, or that is close enough to my final destination or that there is enough of them that they are available.",Yes,5.0,"Proximity to my destination, Availability of fast charging, Cost of charging",Cost and how many are available,Increase the number of charging stations,It is more convenient to charge my vehicle only after ending my trips for the day.,Yes,Slightly increases travel time.,40% - 60%,combined with drink or snack vending ,I choose charging stations that are conveniently located along my preferred route.,3.0,I have to park further from my destination.,Slightly less convenient,TS11
Female,25-34,Employed,Bachelor's degree,"£50,001 - £70,000",No children aged 18 or under,White,Yes,1,Cost savings,Battery EV (exclusively powered by a rechargeable battery),Audi e-tron #,300-400 km,1-3 years,Rarely,CCS (Combined Charging System; or Combo 2; or SAE),Single family house/townhouse with dedicated parking,Fixed/hard-wired Level 2 charging station,1 to 2,"Work/School, Errands",Home,More than 8 hours,30km to 50km,10 to 20 minutes.,6pm to 12am,Not flexible (must be very close to usual routes),1 to 2 times,More than 6 hours,Mobile app,1km to 2km,DC Charger,Duration of charge.,3km to 6km,3.0,Driving to Manchester. Parked in carpark overnight but had to return after a concert to move my car to plug in as all the chargers (3) were full on arrival. There should be more chargers available. ,Yes,4.0,"Proximity to my destination, Availability of fast charging, Cost of charging, Safety and security of the location",An app to see if chargers are available before arrival. ,Increase the number of charging stations,It is more convenient to charge my vehicle only after ending my trips for the day.,Yes,Slightly increases travel time.,Below 20%,Contact less payment and not having to download an app for every different charging station ,I choose charging stations that are conveniently located along my preferred route.,2.0,No impact on my parking habits.,Slightly more convenient,NE2
Female,25-34,Employed,Some college,"£50,001 - £70,000",Yes - children aged under 5 years old,White,Yes,1,Other (please specify),Battery EV (exclusively powered by a rechargeable battery),Other (please specify),100-200 km,Less than 6 months,Weekly,CCS (Combined Charging System; or Combo 2; or SAE),Single family house/townhouse with dedicated parking,Fixed/hard-wired Level 2 charging station,1 to 2,Errands,Home,More than 8 hours,Less than 10km,< 10 minutes.,6pm to 12am,Somewhat flexible (can be a minor detour),1 to 2 times,More than 6 hours,In-car navigation system,Less than 1km,DC Charger,Availability of charger at the end of next trip.,1km to 3km,1.0,Never work and take your money ,Yes,5.0,"Proximity to my destination, User-friendly interface",More that work ,Increase the number of charging stations,I will wait to charge my vehicle when the cost is at its lowest.,Yes,Slightly increases travel time.,20% - 40%,Card machines that work ,I choose charging stations that are conveniently located along my preferred route.,1.0,No impact on my parking habits.,No difference,NE6
Female,25-34,Employed,Bachelor's degree,"£35,001 - £50,000",Yes - children aged under 5 years old,Black / African / Caribbean / Black British,Yes,1,Environmental concerns,Plug-in hybrid EV (powered by combination of rechargeable battery and gasoline engine or generator; includes range extenders),Toyota Prius,100-200 km,6 months - 1 year,Monthly,My EV is not capable of DC fast charging,"Rental apartment in low-rise building (e.g., duplex, triplex, basement apartment)",Standard wall electrical outlet (Level 1),3 to 4,"Work/School, Errands, Returning Home",Home,5 to 8 hours,50km to 100km,20 to 30 minutes.,12am to 6am,Somewhat flexible (can be a minor detour),3 to 4 times,More than 6 hours,In-car navigation system,2km to 3km,DC Charger,Duration of charge.,3km to 6km,3.0,"I was rushing to my graduation, having spent the entire day running errands. I wasn't paying attention to my car's charging condition, and before I knew it, the battery was running low. To my embarrassment, my car came to a stop just before I could reach the next charging spot. I had to get out and push my vehicle to the charging port",Yes,5.0,"Proximity to my destination, Availability of fast charging, Cost of charging, User-friendly interface, Safety and security of the location, Amenities available nearby (e.g., restrooms, shops), Environmental considerations (e.g., renewable energy sources)","Environmental considerations, Amenities available nearby",Improve reliability and maintenance of existing stations,It is more convenient to charge my vehicle directly after ending every trip.,Yes,Slightly increases travel time.,Below 20%,"Battery Change, maintenance",I choose charging stations that are conveniently located along my preferred route.,3.0,I can park closer to my destination.,Slightly more convenient,SR5
Female,25-34,Employed,High school diploma,"Over £70,000",Yes - children aged under 5 years old,White,Yes,1,Cost savings,Battery EV (exclusively powered by a rechargeable battery),Other (please specify),More than 500 km,Less than 6 months,Weekly,Not sure,Single family house/townhouse with dedicated parking,Fixed/hard-wired Level 2 charging station,3 to 4,"Work/School, Leisure, Errands",Home,5 to 8 hours,50km to 100km,< 10 minutes.,6pm to 12am,Somewhat flexible (can be a minor detour),1 to 2 times,3 to 6 hours,Mobile app,1km to 2km,DC Charger,Duration of charge.,More than 9km,2.0,Free chargers,Yes,5.0,"Availability of fast charging, Cost of charging",Cost less,Improve reliability and maintenance of existing stations,I charge my vehicle earlier in the day or later at night to avoid peak energy usage hours.,Yes,Increases travel time significantly.,20% - 40%,More affordable,I plan my route entirely around charging stations.,3.0,No impact on my parking habits.,Much more convenient,SR5
Female,18-24,Unemployed,Some college,"£50,001 - £70,000",No children aged 18 or under,White,Yes,1,Environmental concerns,Plug-in hybrid EV (powered by combination of rechargeable battery and gasoline engine or generator; includes range extenders),Hyundai Ioniq,200-300 km,Less than 6 months,Weekly,Not sure,Single family house/townhouse with dedicated parking,I do not charge at home,1 to 2,Errands,Home,More than 8 hours,Less than 10km,10 to 20 minutes.,6am to 12pm,Somewhat flexible (can be a minor detour),1 to 2 times,Less than 1 hour,In-car navigation system,1km to 2km,DC Charger,Duration of charge.,1km to 3km,2.0,Waiting 30 minutes and still not having a space available,Yes,4.0,"Proximity to my destination, Availability of fast charging, Cost of charging, Amenities available nearby (e.g., restrooms, shops)",Easy to pay,Increase the number of charging stations,I charge my vehicle earlier in the day or later at night to avoid peak energy usage hours.,Not sure,Slightly increases travel time.,20% - 40%,Clear screen interfaces,I choose charging stations that are conveniently located along my preferred route.,3.0,I have to park further from my destination.,Much less convenient,NE3
Female,35-44,Employed,High school diploma,"Over £70,000",No children aged 18 or under,White,Yes,1,Cost savings,Battery EV (exclusively powered by a rechargeable battery),Other (please specify),200-300 km,Less than 6 months,Monthly,My EV is not capable of DC fast charging,Single family house/townhouse with dedicated parking,Fixed/hard-wired Level 2 charging station,1 to 2,Work/School,Home,5 to 8 hours,30km to 50km,< 10 minutes.,12am to 6am,Somewhat flexible (can be a minor detour),5 to 6 times,3 to 6 hours,In-car navigation system,Less than 1km,DC Charger,Duration of charge.,6km to 9km,2.0,"I have found that as more EVs are on the road, the longer the wait time is. I previously had a TESLA and arrived at a supercharge point of 10 units which were in use plus a queue of 4.",Yes,4.0,"Amenities available nearby (e.g., restrooms, shops)",More super chargers for other EVs (not just TESLA as I now have another EV),Increase the number of charging stations,I charge my vehicle earlier in the day or later at night to avoid peak energy usage hours.,Yes,Slightly increases travel time.,20% - 40%,"Restrooms, cafes and food outlets",I choose charging stations that are conveniently located along my preferred route.,2.0,No impact on my parking habits.,No difference,NE1
Female,25-34,Employed,High school diploma,"£35,001 - £50,000",Yes - children aged under 5 years old,White,Yes,1,Other (please specify),Battery EV (exclusively powered by a rechargeable battery),Other (please specify),400-500 km,Less than 6 months,Rarely,Not sure,Single family house/townhouse with dedicated parking,Standard wall electrical outlet (Level 1),1 to 2,"Leisure, Errands",Home,More than 8 hours,Less than 10km,10 to 20 minutes.,12am to 6am,Not flexible (must be very close to usual routes),3 to 4 times,More than 6 hours,In-car navigation system,Less than 1km,DC Charger,Duration of charge.,1km to 3km,1.0,They never work or you need an account to use the charger ,Yes,5.0,"Proximity to my destination, Availability of fast charging, Cost of charging, Amenities available nearby (e.g., restrooms, shops)",Being next to amenities ,Improve reliability and maintenance of existing stations,I charge my vehicle earlier in the day or later at night to avoid peak energy usage hours.,Yes,Slightly increases travel time.,40% - 60%,Food / drink stations ,I choose charging stations that are conveniently located along my preferred route.,3.0,No impact on my parking habits.,No difference,DH5
Female,25-34,Employed,High school diploma,"£35,001 - £50,000",Yes - children aged under 5 years old,White,Yes,1,Other (please specify),Battery EV (exclusively powered by a rechargeable battery),Other (please specify),400-500 km,Less than 6 months,Rarely,Not sure,Single family house/townhouse with dedicated parking,Standard wall electrical outlet (Level 1),1 to 2,"Leisure, Errands",Home,More than 8 hours,Less than 10km,10 to 20 minutes.,12am to 6am,Not flexible (must be very close to usual routes),3 to 4 times,More than 6 hours,In-car navigation system,Less than 1km,DC Charger,Duration of charge.,1km to 3km,1.0,They never work or you need an account to use the charger ,Yes,5.0,"Proximity to my destination, Availability of fast charging, Cost of charging, Amenities available nearby (e.g., restrooms, shops)",Being next to amenities ,Improve reliability and maintenance of existing stations,I charge my vehicle earlier in the day or later at night to avoid peak energy usage hours.,Yes,Slightly increases travel time.,40% - 60%,Food / drink stations ,I choose charging stations that are conveniently located along my preferred route.,3.0,No impact on my parking habits.,No difference,DH5
Male,25-34,Employed,Bachelor's degree,"£20,000 - £35,000",No children aged 18 or under,Black / African / Caribbean / Black British,Yes,1,Environmental concerns,Battery EV (exclusively powered by a rechargeable battery),Tesla Model 3,200-300 km,Less than 6 months,Weekly,Supercharger (Tesla),Single family house/townhouse with dedicated parking,Standard wall electrical outlet (Level 1),More than 4,"Work/School, Leisure, Errands, Returning Home",Home,3 to 5 hours,30km to 50km,10 to 20 minutes.,12am to 6am,Somewhat flexible (can be a minor detour),3 to 4 times,Less than 1 hour,In-car navigation system,Less than 1km,DC Charger,Duration of charge.,1km to 3km,5.0,,Yes,5.0,"Proximity to my destination, Availability of fast charging, Environmental considerations (e.g., renewable energy sources)",,Increase the number of charging stations,I will wait to charge my vehicle when the cost is at its lowest.,Yes,No impact on travel time.,20% - 40%,,I choose charging stations that are conveniently located along my preferred route.,3.0,I have to park further from my destination.,Much more convenient,TS4
Female,35-44,Employed,Some college,"£20,000 - £35,000",Yes - children aged 11 to 15 years old,Mixed,Yes,,Technological interest,Plug-in hybrid EV (powered by combination of rechargeable battery and gasoline engine or generator; includes range extenders),Hyundai Ioniq,200-300 km,6 months - 1 year,Weekly,CCS (Combined Charging System; or Combo 2; or SAE),"Rental apartment in low-rise building (e.g., duplex, triplex, basement apartment)",I do not charge at home,1 to 2,"Work/School, Errands",Home,More than 8 hours,Less than 10km,10 to 20 minutes.,6pm to 12am,Somewhat flexible (can be a minor detour),1 to 2 times,1 to 3 hours,Online map,Less than 1km,DC Charger,Duration of charge.,1km to 3km,4.0,"I had an errand to run and I am supposed to charge same day, I decided to charge before running the errand because I don’t know when I will be back, I got to a charging port to see lots of people waiting, that disrupted my plan",Yes,5.0,"Availability of fast charging, Cost of charging, User-friendly interface",Having a leisure activity around that can keep someone entertained ,Provide incentives for EV owners to share private charging stations,It is more convenient to charge my vehicle only after ending my trips for the day.,Yes,Increases travel time significantly.,40% - 60%,Tracking charging time,I only consider charging stations as a backup plan o d. I do not consider charging stations in my route planning.,3.0,I can park closer to my destination.,Slightly more convenient,TS25
Female,35-44,Employed,Bachelor's degree,"Over £70,000",Yes - children aged 11 to 15 years old,White,Yes,1,Cost savings,Battery EV (exclusively powered by a rechargeable battery),Other (please specify),100-200 km,1-3 years,Weekly,CCS (Combined Charging System; or Combo 2; or SAE),Single family house/townhouse without dedicated parking,I do not charge at home,1 to 2,Work/School,Workplace,5 to 8 hours,10km to 30km,< 10 minutes.,6am to 12pm,Somewhat flexible (can be a minor detour),1 to 2 times,Less than 1 hour,In-car navigation system,Less than 1km,DC Charger,Duration of charge.,3km to 6km,3.0,"Easy, fast and close to shops to buy refreshments whilst I wait ",Yes,4.0,"Proximity to my destination, Availability of fast charging, Cost of charging, Amenities available nearby (e.g., restrooms, shops)",More fast charge points at supermarkets ,Provide incentives for EV owners to share private charging stations,I charge my vehicle earlier in the day or later at night to avoid peak energy usage hours.,Yes,Slightly increases travel time.,Below 20%,Options on how to pay. ,I choose charging stations that are conveniently located along my preferred route.,4.0,No impact on my parking habits.,No difference,TS2
Male,25-34,Employed,Master's degree,"£35,001 - £50,000",No children aged 18 or under,White,Yes,1,Cost savings,Plug-in hybrid EV (powered by combination of rechargeable battery and gasoline engine or generator; includes range extenders),Hyundai Ioniq,200-300 km,6 months - 1 year,Monthly,Not sure,"Rental apartment in low-rise building (e.g., duplex, triplex, basement apartment)",Standard wall electrical outlet (Level 1),1 to 2,"Work/School, Errands",Home,More than 8 hours,10km to 30km,10 to 20 minutes.,6pm to 12am,Somewhat flexible (can be a minor detour),1 to 2 times,More than 6 hours,Online map,1km to 2km,AC Charger,Cost.,3km to 6km,3.0,"When we got to the charging station, the station was not working. Out of order stations are a major concern, hence, I follow online maps and read other`s recent comments on each station before making a trip to a station I have never been to before. ",Yes,4.0,"Proximity to my destination, Cost of charging, Safety and security of the location, Amenities available nearby (e.g., restrooms, shops)",We should be able to use a single app to charge our vehicles rather than having to download multiple different apps for different stations.,Increase the number of charging stations,I charge my vehicle earlier in the day or later at night to avoid peak energy usage hours.,Yes,Increases travel time significantly.,20% - 40%,There should be options for us to be able to leave our vehicle and stay in a warm place in the winter or cold place in the summer rather than having to sit in your vehicle. Things such as gas stations or bus stations would be good examples of such destionations. ,I choose charging stations that are conveniently located along my preferred route.,3.0,No impact on my parking habits.,Much more convenient,DH1
Male,35-44,Employed,Master's degree,"Over £70,000",Yes - children aged 5 to 10 years old,White,Yes,2,Government incentives,Battery EV (exclusively powered by a rechargeable battery),"Tesla Model 3, Other (please specify)",300-400 km,More than 3 years,Rarely,Supercharger (Tesla),Single family house/townhouse with dedicated parking,Fixed/hard-wired Level 2 charging station,3 to 4,Work/School,Home,More than 8 hours,30km to 50km,10 to 20 minutes.,12pm to 6pm,Somewhat flexible (can be a minor detour),Every day to the week,3 to 6 hours,Mobile app,Less than 1km,AC Charger,Cost.,1km to 3km,4.0,It can get busy,No,4.0,"Proximity to my destination, Availability of fast charging, Cost of charging, User-friendly interface",More of them,Increase the number of charging stations,I will wait to charge my vehicle when the cost is at its lowest.,No,Slightly increases travel time.,60% - 80%,More of them,I only consider charging stations as a backup plan o d. I do not consider charging stations in my route planning.,5.0,No impact on my parking habits.,Slightly more convenient,DL1
Female,25-34,Employed,Master's degree,"£20,000 - £35,000",No children aged 18 or under,White,Yes,1,Cost savings,Battery EV (exclusively powered by a rechargeable battery),Other (please specify),200-300 km,Less than 6 months,Rarely,My EV is not capable of DC fast charging,Single family house/townhouse with dedicated parking,Standard wall electrical outlet (Level 1),1 to 2,Work/School,Workplace,More than 8 hours,30km to 50km,10 to 20 minutes.,12am to 6am,Not flexible (must be very close to usual routes),3 to 4 times,1 to 3 hours,Online map,1km to 2km,DC Charger,Duration of charge.,1km to 3km,2.0,,Yes,2.0,"Proximity to my destination, Availability of fast charging, Cost of charging, Amenities available nearby (e.g., restrooms, shops)",,Provide incentives for EV owners to share private charging stations,I charge my vehicle earlier in the day or later at night to avoid peak energy usage hours.,Yes,No impact on travel time.,40% - 60%,,I choose charging stations that are conveniently located along my preferred route.,2.0,No impact on my parking habits.,No difference,SR8
Male,35-44,Employed,Master's degree,"£50,001 - £70,000",No children aged 18 or under,White,Yes,1,Cost savings,Plug-in hybrid EV (powered by combination of rechargeable battery and gasoline engine or generator; includes range extenders),Mitsubishi Outlander PHEV,Less than 100 km,1-3 years,Never,CCS (Combined Charging System; or Combo 2; or SAE),Single family house/townhouse with dedicated parking,Fixed/hard-wired Level 2 charging station,1 to 2,"Work/School, Leisure, Errands",Home,More than 8 hours,Less than 10km,10 to 20 minutes.,6am to 12pm,Somewhat flexible (can be a minor detour),1 to 2 times,3 to 6 hours,In-car navigation system,1km to 2km,AC Charger,Cost.,Less than 1km,1.0,Went to use one at a local supermarket.  Unit was damaged and unusable with severe damage to foundations.  No option to report the damage to station owner.,Yes,1.0,"Proximity to my destination, Cost of charging, Safety and security of the location",,Increase the number of charging stations,It is more convenient to charge my vehicle directly after ending every trip.,Yes,Slightly increases travel time.,Below 20%,Toilet facilities,I only consider charging stations as a backup plan o d. I do not consider charging stations in my route planning.,1.0,No impact on my parking habits.,No difference,SR3
Female,45-54,Employed,Bachelor's degree,"Over £70,000",No children aged 18 or under,White,Yes,1,Cost savings,Battery EV (exclusively powered by a rechargeable battery),Tesla Model 3,300-400 km,1-3 years,Rarely,Supercharger (Tesla),Single family house/townhouse with dedicated parking,Standard wall electrical outlet (Level 1),3 to 4,Work/School,Home,More than 8 hours,50km to 100km,10 to 20 minutes.,6pm to 12am,Somewhat flexible (can be a minor detour),5 to 6 times,3 to 6 hours,In-car navigation system,1km to 2km,DC Charger,Availability of charger at the end of next trip.,6km to 9km,1.0,Got a parking ticket while waiting for charger. Wouldn't use that station again.,Yes,3.0,Proximity to my destination,"Amenities available, more chargers",Increase the number of charging stations,I choose to charge my vehicle regardless of the cost.,Yes,No impact on travel time.,Above 80%,"Restrooms, refreshments, entertainment",I choose charging stations that are conveniently located along my preferred route.,2.0,No impact on my parking habits.,No difference,NE2
Female,45-54,Employed,Bachelor's degree,"Over £70,000",No children aged 18 or under,White,Yes,1,Environmental concerns,Battery EV (exclusively powered by a rechargeable battery),Other (please specify),200-300 km,1-3 years,Never,Not sure,Single family house/townhouse with dedicated parking,Standard wall electrical outlet (Level 1),3 to 4,"Work/School, Errands",Home,5 to 8 hours,10km to 30km,< 10 minutes.,6pm to 12am,Not flexible (must be very close to usual routes),1 to 2 times,3 to 6 hours,Mobile app,1km to 2km,DC Charger,Duration of charge.,3km to 6km,2.0,,Yes,5.0,"Proximity to my destination, Availability of fast charging",,Provide incentives for EV owners to share private charging stations,I charge my vehicle earlier in the day or later at night to avoid peak energy usage hours.,Yes,No impact on travel time.,20% - 40%,,I only consider charging stations as a backup plan o d. I do not consider charging stations in my route planning.,3.0,No impact on my parking habits.,Slightly less convenient,TS22 5JL
Male,35-44,Employed,Some college,"£20,000 - £35,000",Yes - children aged 5 to 10 years old,White,Yes,1,Technological interest,Battery EV (exclusively powered by a rechargeable battery),Kia Niro,100-200 km,1-3 years,Weekly,Not sure,Single family house/townhouse with dedicated parking,Standard wall electrical outlet (Level 1),1 to 2,"Work/School, Leisure, Errands",Others,1 to 3 hours,10km to 30km,10 to 20 minutes.,6am to 12pm,Not flexible (must be very close to usual routes),1 to 2 times,1 to 3 hours,Mobile app,1km to 2km,DC Charger,Duration of charge.,1km to 3km,4.0,"Short waiting times, when I have to wait the person in front seems excited to use the service and at times you ll get a smile or a brief conversation,  people are proud to drive EV I guess",No,,"Proximity to my destination, Availability of fast charging",In time I think you will need more charging points as  gradually ev users will significantly  increas. Times move on and  petrol and diesel will be a thing of the past. We're well into the 21st century now . It's crazy to imagine how far technology can go in its advancement by the turn of the century. ,Increase the number of charging stations,I charge my vehicle earlier in the day or later at night to avoid peak energy usage hours.,Yes,No impact on travel time.,Below 20%,Loyalty bonuses for loysl cudtomers,I choose charging stations that are conveniently located along my preferred route.,5.0,No impact on my parking habits.,No difference,SR8
Female,18-24,Employed,Bachelor's degree,"£20,000 - £35,000",No children aged 18 or under,Black / African / Caribbean / Black British,Yes,1,Cost savings,Battery EV (exclusively powered by a rechargeable battery),BMW 3 Series c.,200-300 km,Less than 6 months,Rarely,Not sure,"Rental apartment in low-rise building (e.g., duplex, triplex, basement apartment)",I do not charge at home,3 to 4,"Work/School, Leisure, Errands, Returning Home",Home,3 to 5 hours,30km to 50km,10 to 20 minutes.,12pm to 6pm,Flexible (can be a major detour),3 to 4 times,1 to 3 hours,Mobile app,1km to 2km,DC Charger,Duration of charge.,1km to 3km,4.0,It was easily accessible and easy to use ,No,1.0,"Proximity to my destination, Availability of fast charging, Cost of charging, User-friendly interface, Safety and security of the location, Amenities available nearby (e.g., restrooms, shops), Environmental considerations (e.g., renewable energy sources)",Adequate facilities ,Improve reliability and maintenance of existing stations,It is more convenient to charge my vehicle directly after ending every trip.,Yes,Increases travel time significantly.,20% - 40%,Adequate facilities ,I choose charging stations that are conveniently located along my preferred route.,4.0,I can park closer to my destination.,Much more convenient,TS4 3SL
Male,25-34,Employed,Master's degree,"Over £70,000",No children aged 18 or under,White,Yes,1,Technological interest,Battery EV (exclusively powered by a rechargeable battery),Mini Countryman Cooper S E,100-200 km,6 months - 1 year,Rarely,CCS (Combined Charging System; or Combo 2; or SAE),Single family house/townhouse with dedicated parking,Fixed/hard-wired Level 2 charging station,1 to 2,"Work/School, Leisure, Returning Home",Home,More than 8 hours,Less than 10km,< 10 minutes.,6pm to 12am,Somewhat flexible (can be a minor detour),1 to 2 times,More than 6 hours,Mobile app,Less than 1km,DC Charger,Availability of charger on-route.,1km to 3km,2.0,Fastened tend to have good reliable and plentiful chargers,Yes,4.0,"Proximity to my destination, Availability of fast charging, User-friendly interface, Safety and security of the location",A universal app,Improve reliability and maintenance of existing stations,I will wait to charge my vehicle when the cost is at its lowest.,Yes,No impact on travel time.,20% - 40%,Located near coffee shops and restrooms,I choose charging stations that are conveniently located along my preferred route.,3.0,No impact on my parking habits.,No difference,SR4
Male,25-34,Employed,High school diploma,"£20,000 - £35,000",Yes - children aged 11 to 15 years old,White,Yes,1,Cost savings,Battery EV (exclusively powered by a rechargeable battery),Volkswagen e-Golf,100-200 km,6 months - 1 year,Weekly,Not sure,Single family house/townhouse without dedicated parking,Shared DC fast charger,1 to 2,Work/School,Workplace,1 to 3 hours,10km to 30km,20 to 30 minutes.,12pm to 6pm,Somewhat flexible (can be a minor detour),5 to 6 times,1 to 3 hours,Mobile app,1km to 2km,DC Charger,Duration of charge.,6km to 9km,4.0,Positive,Yes,4.0,"Availability of fast charging, Cost of charging",More charging ports,Allow for longer charging sessions,It is more convenient to charge my vehicle only after ending my trips for the day.,Yes,No impact on travel time.,40% - 60%,Yes definitely ,I choose charging stations that are conveniently located along my preferred route.,3.0,I have to park further from my destination.,Much more convenient,DH6
Male,55-64,Employed,Bachelor's degree,"£20,000 - £35,000",Yes - children aged 16 to 18 years old,White,Yes,One,Cost savings,Battery EV (exclusively powered by a rechargeable battery),Nissan Leaf,200-300 km,6 months - 1 year,Weekly,CHAdeMO,Single family house/townhouse with dedicated parking,Shared DC fast charger,1 to 2,Work/School,Home,More than 8 hours,50km to 100km,20 to 30 minutes.,6pm to 12am,Somewhat flexible (can be a minor detour),3 to 4 times,1 to 3 hours,Online map,Less than 1km,DC Charger,Duration of charge.,1km to 3km,4.0,i found a long queue at a charging station and had to wait because i was almost out of charge.,No,4.0,"Proximity to my destination, Availability of fast charging",ensure available and well functioning EV chargers,Improve reliability and maintenance of existing stations,I charge my vehicle earlier in the day or later at night to avoid peak energy usage hours.,Yes,Slightly reduces travel time.,Below 20%,quick payment processing .,I choose charging stations that are conveniently located along my preferred route.,3.0,No impact on my parking habits.,Much more convenient,NE3
Male,25-34,Employed,Bachelor's degree,"£35,001 - £50,000",No children aged 18 or under,White,Yes,2,Environmental concerns,Battery EV (exclusively powered by a rechargeable battery),Other (please specify),200-300 km,1-3 years,Rarely,CCS (Combined Charging System; or Combo 2; or SAE),Single family house/townhouse with dedicated parking,Fixed/hard-wired Level 2 charging station,1 to 2,"Work/School, Returning Home",Workplace,5 to 8 hours,50km to 100km,< 10 minutes.,12am to 6am,Not flexible (must be very close to usual routes),3 to 4 times,3 to 6 hours,In-car navigation system,Less than 1km,AC Charger,Cost.,1km to 3km,2.0,went to charge but the app designed to use the charging station wouldnt allow me to connect or pay so i had to find another one,Yes,5.0,"Proximity to my destination, Availability of fast charging, Cost of charging, User-friendly interface, Amenities available nearby (e.g., restrooms, shops)",on station controls so that you dont have to use 15 apps to charge,Increase the number of charging stations,It is more convenient to charge my vehicle only after ending my trips for the day.,Yes,Increases travel time significantly.,20% - 40%,"food places, general stores and toilets. ",I choose charging stations that are conveniently located along my preferred route.,3.0,I have to park further from my destination.,Slightly less convenient,TS2
Female,35-44,Employed,Bachelor's degree,"£50,001 - £70,000",Yes - children aged 5 to 10 years old,White,Yes,1,Cost savings,Battery EV (exclusively powered by a rechargeable battery),Tesla Model X,400-500 km,6 months - 1 year,Monthly,Supercharger (Tesla),Single family house/townhouse with dedicated parking,Standard wall electrical outlet (Level 1),1 to 2,Work/School,Home,More than 8 hours,10km to 30km,10 to 20 minutes.,6pm to 12am,Somewhat flexible (can be a minor detour),3 to 4 times,More than 6 hours,Mobile app,Less than 1km,DC Charger,Duration of charge.,1km to 3km,1.0,Work had chargers that were free,No,4.0,"Proximity to my destination, Availability of fast charging, Amenities available nearby (e.g., restrooms, shops)",Amenities near by,Increase the number of charging stations,I charge my vehicle earlier in the day or later at night to avoid peak energy usage hours.,Yes,Slightly increases travel time.,20% - 40%,"Toilets, park",I choose charging stations that are conveniently located along my preferred route.,3.0,No impact on my parking habits.,No difference,DH8
Male,45-54,Employed,Bachelor's degree,"£50,001 - £70,000",Yes - children aged under 5 years old,White,Yes,1,Environmental concerns,Battery EV (exclusively powered by a rechargeable battery),Other (please specify),100-200 km,1-3 years,Monthly,CCS (Combined Charging System; or Combo 2; or SAE),Single family house/townhouse with dedicated parking,Standard wall electrical outlet (Level 1),1 to 2,Work/School,Home,5 to 8 hours,10km to 30km,10 to 20 minutes.,6am to 12pm,Somewhat flexible (can be a minor detour),3 to 4 times,More than 6 hours,Mobile app,1km to 2km,DC Charger,Duration of charge.,3km to 6km,2.0,my car stopped working after unplugging the public charger. It tripped something in the car,Yes,3.0,"Availability of fast charging, Cost of charging, Safety and security of the location",just more of them,Provide incentives for EV owners to share private charging stations,I charge my vehicle earlier in the day or later at night to avoid peak energy usage hours.,Not sure,Slightly increases travel time.,20% - 40%,toilets,I choose charging stations that are conveniently located along my preferred route.,4.0,No impact on my parking habits.,No difference,SR4
Male,55-64,Employed,High school diploma,"Over £70,000",No children aged 18 or under,White,Yes,1,Cost savings,Battery EV (exclusively powered by a rechargeable battery),Audi e-tron #,Less than 100 km,Less than 6 months,Never,Not sure,Single family house/townhouse with dedicated parking,Portable Level 2 charging station,1 to 2,Leisure,Home,Less than 1 hour,Less than 10km,< 10 minutes.,12am to 6am,Not flexible (must be very close to usual routes),3 to 4 times,,Mobile app,Less than 1km,DC Charger,Duration of charge.,Less than 1km,2.0,Having to wait over an hour when I could have walked to my home in less time!,No,5.0,"Proximity to my destination, Availability of fast charging, Cost of charging",Better lighting and a nearby coffee machine,Increase the number of charging stations,I will wait to charge my vehicle when the cost is at its lowest.,Yes,Slightly increases travel time.,20% - 40%,Self serve coffee machines,I only consider charging stations as a backup plan o d. I do not consider charging stations in my route planning.,2.0,No impact on my parking habits.,Slightly less convenient,DH1
Male,35-44,Employed,Bachelor's degree,"£50,001 - £70,000",No children aged 18 or under,White,Yes,1,Government incentives,Plug-in hybrid EV (powered by combination of rechargeable battery and gasoline engine or generator; includes range extenders),Hyundai Ioniq,300-400 km,1-3 years,Weekly,CCS (Combined Charging System; or Combo 2; or SAE),Single family house/townhouse with dedicated parking,Fixed/hard-wired Level 2 charging station,1 to 2,Work/School,Home,More than 8 hours,10km to 30km,< 10 minutes.,6pm to 12am,Somewhat flexible (can be a minor detour),1 to 2 times,1 to 3 hours,Mobile app,Less than 1km,DC Charger,Duration of charge.,3km to 6km,4.0,There are quite a few nearby where I live,No,3.0,"Proximity to my destination, Amenities available nearby (e.g., restrooms, shops)",An app to tell you where there are spaces free,Enhance user experience through better signage and information,It is more convenient to charge my vehicle only after ending my trips for the day.,Yes,No impact on travel time.,20% - 40%,toilets,I choose charging stations that are conveniently located along my preferred route.,3.0,I can park closer to my destination.,Slightly more convenient,NE3
Male,18-24,Employed,Bachelor's degree,"£35,001 - £50,000",No children aged 18 or under,White,Yes,1,Government incentives,Plug-in hybrid EV (powered by combination of rechargeable battery and gasoline engine or generator; includes range extenders),Other (please specify),100-200 km,Less than 6 months,Monthly,My EV is not capable of DC fast charging,Single family house/townhouse with dedicated parking,Fixed/hard-wired Level 2 charging station,1 to 2,Work/School,Home,5 to 8 hours,Less than 10km,10 to 20 minutes.,6pm to 12am,Somewhat flexible (can be a minor detour),3 to 4 times,Less than 1 hour,In-car navigation system,1km to 2km,DC Charger,Duration of charge.,3km to 6km,2.0,At a services when using a company tesla not my own having to wait an hour for availability ,Yes,3.0,"Proximity to my destination, Cost of charging, Safety and security of the location, Amenities available nearby (e.g., restrooms, shops)",More in my local area ,Increase the number of charging stations,It is more convenient to charge my vehicle only after ending my trips for the day.,Yes,Slightly increases travel time.,60% - 80%,Nothing off of the top of my head ,I choose charging stations that are conveniently located along my preferred route.,3.0,I have to park further from my destination.,No difference,DH5
Male,35-44,Employed,Bachelor's degree,"£20,000 - £35,000",No children aged 18 or under,White,Yes,1,Cost savings,Battery EV (exclusively powered by a rechargeable battery),Other (please specify),Less than 100 km,1-3 years,Never,My EV is not capable of DC fast charging,Single family house/townhouse without dedicated parking,Standard wall electrical outlet (Level 1),1 to 2,"Work/School, Errands",Home,More than 8 hours,Less than 10km,< 10 minutes.,12am to 6am,Not flexible (must be very close to usual routes),3 to 4 times,1 to 3 hours,Mobile app,Less than 1km,AC Charger,Cost.,1km to 3km,2.0,Not really,No,1.0,"Cost of charging, Safety and security of the location","None, it is all down to the people you encounter there.",Provide incentives for EV owners to share private charging stations,I charge my vehicle earlier in the day or later at night to avoid peak energy usage hours.,Not sure,No impact on travel time.,20% - 40%,"You could go all out and put airport your lounge in them, but, it isn't really necessary",I only consider charging stations as a backup plan o d. I do not consider charging stations in my route planning.,2.0,No impact on my parking habits.,No difference,TS5
Female,18-24,Student,Some college,"£20,000 - £35,000",No children aged 18 or under,Black / African / Caribbean / Black British,Yes,One,Cost savings,Plug-in hybrid EV (powered by combination of rechargeable battery and gasoline engine or generator; includes range extenders),"BMW 5 Series, Other (please specify)",200-300 km,Less than 6 months,Monthly,Supercharger (Tesla),"Rental apartment in low-rise building (e.g., duplex, triplex, basement apartment)",Portable Level 2 charging station,,,,5 to 8 hours,30km to 50km,20 to 30 minutes.,12pm to 6pm,Somewhat flexible (can be a minor detour),3 to 4 times,3 to 6 hours,Online map,2km to 3km,AC Charger,Availability of charger on-route.,6km to 9km,1.0,Got there and there were magazines at the charging station to keep one busy,No,4.0,"Availability of fast charging, User-friendly interface, Safety and security of the location, Amenities available nearby (e.g., restrooms, shops), Environmental considerations (e.g., renewable energy sources)",Make them closer,Increase the number of charging stations,It is more convenient to charge my vehicle directly after ending every trip.,Not sure,Reduces travel time significantly.,40% - 60%,On site customer service ,I choose charging stations that are conveniently located along my preferred route.,3.0,I have to park further from my destination.,No difference,DH1
Female,18-24,Student,Some college,"£20,000 - £35,000",No children aged 18 or under,Black / African / Caribbean / Black British,Yes,One,Cost savings,Plug-in hybrid EV (powered by combination of rechargeable battery and gasoline engine or generator; includes range extenders),"BMW 5 Series, Other (please specify)",200-300 km,Less than 6 months,Monthly,Supercharger (Tesla),"Rental apartment in low-rise building (e.g., duplex, triplex, basement apartment)",Portable Level 2 charging station,,,,5 to 8 hours,30km to 50km,20 to 30 minutes.,12pm to 6pm,Somewhat flexible (can be a minor detour),3 to 4 times,3 to 6 hours,Online map,2km to 3km,AC Charger,Availability of charger on-route.,6km to 9km,1.0,Got there and there were magazines at the charging station to keep one busy,No,4.0,"Availability of fast charging, User-friendly interface, Safety and security of the location, Amenities available nearby (e.g., restrooms, shops), Environmental considerations (e.g., renewable energy sources)",Make them closer,Increase the number of charging stations,It is more convenient to charge my vehicle directly after ending every trip.,Not sure,Reduces travel time significantly.,40% - 60%,On site customer service ,I choose charging stations that are conveniently located along my preferred route.,3.0,I have to park further from my destination.,No difference,DH1
Male,25-34,Employed,Bachelor's degree,"£20,000 - £35,000",No children aged 18 or under,White,Yes,1,Environmental concerns,Battery EV (exclusively powered by a rechargeable battery),Other (please specify),100-200 km,1-3 years,Weekly,Not sure,Single family house/townhouse without dedicated parking,Fixed/hard-wired Level 2 charging station,3 to 4,"Work/School, Leisure, Errands, Returning Home",Home,More than 8 hours,10km to 30km,10 to 20 minutes.,6pm to 12am,Somewhat flexible (can be a minor detour),3 to 4 times,3 to 6 hours,In-car navigation system,1km to 2km,DC Charger,Duration of charge.,3km to 6km,2.0,"Tried to download app/create account/charge vehicle from pre-pay app. App did not work, charger would not turn on, vehicle could not be charged. Gave up due to multiple failures on app.",Yes,4.0,"Proximity to my destination, Availability of fast charging, Cost of charging, Environmental considerations (e.g., renewable energy sources)","more availability, better UI on chargers, better mobile apps for planning.",Increase the number of charging stations,It is more convenient to charge my vehicle only after ending my trips for the day.,Yes,Slightly increases travel time.,20% - 40%,"approx wait time boards, locations of alternative charging stations, VIP chargers ",I choose charging stations that are conveniently located along my preferred route.,3.0,I have to park further from my destination.,Slightly less convenient,SR4
Female,45-54,Employed,Bachelor's degree,"£20,000 - £35,000",No children aged 18 or under,White,Yes,1,Cost savings,Battery EV (exclusively powered by a rechargeable battery),Other (please specify),200-300 km,Less than 6 months,Weekly,CCS (Combined Charging System; or Combo 2; or SAE),Single family house/townhouse with dedicated parking,Standard wall electrical outlet (Level 1),3 to 4,Work/School,Home,More than 8 hours,10km to 30km,< 10 minutes.,12am to 6am,Somewhat flexible (can be a minor detour),3 to 4 times,More than 6 hours,In-car navigation system,Less than 1km,DC Charger,Duration of charge.,1km to 3km,2.0,Frantically driving around as my battery depleted to find an available charging point in my local area.,Yes,4.0,"Availability of fast charging, Cost of charging, User-friendly interface, Amenities available nearby (e.g., restrooms, shops), Environmental considerations (e.g., renewable energy sources)",,Increase the number of charging stations,I will wait to charge my vehicle when the cost is at its lowest.,Yes,Increases travel time significantly.,Below 20%,,I choose charging stations that are conveniently located along my preferred route.,3.0,No impact on my parking habits.,Slightly less convenient,NE6
Male,18-24,Employed,Bachelor's degree,"£50,001 - £70,000",No children aged 18 or under,White,Yes,1,Cost savings,Battery EV (exclusively powered by a rechargeable battery),Other (please specify),200-300 km,Less than 6 months,Never,CCS (Combined Charging System; or Combo 2; or SAE),Single family house/townhouse with dedicated parking,Fixed/hard-wired Level 2 charging station,1 to 2,"Work/School, Errands, Returning Home",Home,More than 8 hours,30km to 50km,10 to 20 minutes.,12am to 6am,Not flexible (must be very close to usual routes),1 to 2 times,More than 6 hours,In-car navigation system,Less than 1km,AC Charger,Cost.,1km to 3km,3.0,,No,3.0,"Proximity to my destination, Cost of charging, Amenities available nearby (e.g., restrooms, shops)",,Increase the number of charging stations,I charge my vehicle earlier in the day or later at night to avoid peak energy usage hours.,Yes,Slightly increases travel time.,20% - 40%,,I only consider charging stations as a backup plan o d. I do not consider charging stations in my route planning.,2.0,No impact on my parking habits.,No difference,NE1
Male,18-24,Employed,Bachelor's degree,"Over £70,000",No children aged 18 or under,Black / African / Caribbean / Black British,Yes,2,Environmental concerns,Battery EV (exclusively powered by a rechargeable battery),Tesla Model 3,Less than 100 km,6 months - 1 year,Weekly,Supercharger (Tesla),Single family house/townhouse with dedicated parking,Shared Level 2 charging station,3 to 4,"Work/School, Leisure, Returning Home",Home,More than 8 hours,Less than 10km,< 10 minutes.,12am to 6am,Somewhat flexible (can be a minor detour),3 to 4 times,Less than 1 hour,Mobile app,Less than 1km,DC Charger,Duration of charge.,3km to 6km,3.0,"They're usually empty at the ones I visit, so that's always great.",No,4.0,"Proximity to my destination, Availability of fast charging, Safety and security of the location, Environmental considerations (e.g., renewable energy sources)","They're still upcoming, so sometimes there are only 1/2 available.",Enhance user experience through better signage and information,It is more convenient to charge my vehicle directly after ending every trip.,Yes,Slightly increases travel time.,20% - 40%,Maybe some security cameras and emergency buttons just in case,I choose charging stations that are conveniently located along my preferred route.,3.0,I have to park further from my destination.,Slightly more convenient,TS7
Male,35-44,Employed,Bachelor's degree,"£35,001 - £50,000",Yes - children aged 5 to 10 years old,Asian / Asian British,Yes,1,Cost savings,Plug-in hybrid EV (powered by combination of rechargeable battery and gasoline engine or generator; includes range extenders),Toyota Prius,100-200 km,More than 3 years,Rarely,My EV is not capable of DC fast charging,"Rental apartment in low-rise building (e.g., duplex, triplex, basement apartment)",Fixed/hard-wired Level 2 charging station,1 to 2,Work/School,Home,5 to 8 hours,Less than 10km,< 10 minutes.,12am to 6am,Not flexible (must be very close to usual routes),1 to 2 times,More than 6 hours,In-car navigation system,Less than 1km,AC Charger,Cost.,Less than 1km,5.0,had to wait because there was a line,No,5.0,Proximity to my destination,charging that's more faster,Improve reliability and maintenance of existing stations,It is more convenient to charge my vehicle directly after ending every trip.,Yes,Reduces travel time significantly.,20% - 40%,wireless charging,I choose charging stations that are conveniently located along my preferred route.,4.0,No impact on my parking habits.,Much more convenient,NE3
Male,35-44,Employed,Bachelor's degree,"£50,001 - £70,000",Yes - children aged 5 to 10 years old,Asian / Asian British,Yes,1,Cost savings,Plug-in hybrid EV (powered by combination of rechargeable battery and gasoline engine or generator; includes range extenders),Toyota Prius,100-200 km,1-3 years,Rarely,My EV is not capable of DC fast charging,"Rental apartment in low-rise building (e.g., duplex, triplex, basement apartment)",Standard wall electrical outlet (Level 1),1 to 2,Work/School,Home,5 to 8 hours,Less than 10km,< 10 minutes.,12am to 6am,Not flexible (must be very close to usual routes),1 to 2 times,More than 6 hours,In-car navigation system,Less than 1km,AC Charger,Cost.,Less than 1km,4.0,long lines,No,5.0,Proximity to my destination,wireless charging,Improve reliability and maintenance of existing stations,It is more convenient to charge my vehicle directly after ending every trip.,Yes,Slightly reduces travel time.,20% - 40%,develop wireless charging,I choose charging stations that are conveniently located along my preferred route.,4.0,No impact on my parking habits.,Slightly more convenient,NE3
Male,25-34,Employed,Master's degree,"£20,000 - £35,000",No children aged 18 or under,Black / African / Caribbean / Black British,Yes,1,Environmental concerns,Plug-in hybrid EV (powered by combination of rechargeable battery and gasoline engine or generator; includes range extenders),Nissan Leaf,100-200 km,6 months - 1 year,Weekly,CCS (Combined Charging System; or Combo 2; or SAE),"Rental apartment in low-rise building (e.g., duplex, triplex, basement apartment)",Fixed/hard-wired Level 2 charging station,1 to 2,"Work/School, Leisure, Errands",Home,More than 8 hours,30km to 50km,10 to 20 minutes.,12pm to 6pm,Somewhat flexible (can be a minor detour),3 to 4 times,1 to 3 hours,Mobile app,1km to 2km,DC Charger,Duration of charge.,1km to 3km,4.0,duration of parking time to charge is little,No,3.0,"Availability of fast charging, Cost of charging, User-friendly interface, Safety and security of the location, Amenities available nearby (e.g., restrooms, shops)",availability,Increase the number of charging stations,I charge my vehicle earlier in the day or later at night to avoid peak energy usage hours.,Yes,Slightly increases travel time.,Below 20%,affordable prices and availability or probably shed,I plan my route entirely around charging stations.,4.0,I have to park further from my destination.,Slightly more convenient,SR5
Male,25-34,Employed,Doctorate or higher,"Over £70,000",No children aged 18 or under,White,Yes,1,Cost savings,Battery EV (exclusively powered by a rechargeable battery),Other (please specify),300-400 km,1-3 years,Weekly,CCS (Combined Charging System; or Combo 2; or SAE),Single family house/townhouse without dedicated parking,I do not charge at home,1 to 2,"Work/School, Returning Home",Home,More than 8 hours,10km to 30km,< 10 minutes.,6am to 12pm,Somewhat flexible (can be a minor detour),3 to 4 times,3 to 6 hours,In-car navigation system,Less than 1km,DC Charger,Duration of charge.,1km to 3km,4.0,High speed public charging around 120kw,Yes,2.0,"Proximity to my destination, Availability of fast charging, Cost of charging, Whether or not they require a subscription ",Lack of subscription ,Improve reliability and maintenance of existing stations,I charge my vehicle when I need to regardless of peak energy usage hours.,Not sure,Slightly increases travel time.,40% - 60%,General waste bins,I plan my route entirely around charging stations.,5.0,No impact on my parking habits.,Slightly more convenient,NE3
Male,18-24,Employed,Bachelor's degree,"£20,000 - £35,000",No children aged 18 or under,White,Yes,1,Cost savings,Battery EV (exclusively powered by a rechargeable battery),Volkswagen e-Golf,200-300 km,Less than 6 months,Daily,Not sure,Single family house/townhouse with dedicated parking,Fixed/hard-wired Level 2 charging station,1 to 2,Work/School,Home,More than 8 hours,30km to 50km,> 30 minutes.,6am to 12pm,Somewhat flexible (can be a minor detour),Every day to the week,1 to 3 hours,In-car navigation system,2km to 3km,DC Charger,Duration of charge.,1km to 3km,2.0,"My work is right next to an EV company who allow us to benefit from there stations, altogether showing a positive experience as we don’t often have to wait.",No,3.0,"Availability of fast charging, Cost of charging, Safety and security of the location","In my area we really need more access to them as apart from near my work in the business estate, there is a real lack of access unless I’m at home. More access will for sure provide more users to join and get an EV Vehicle.",Increase the number of charging stations,I charge my vehicle when I need to regardless of peak energy usage hours.,Yes,Slightly reduces travel time.,20% - 40%,As previously stated I don’t think much more could be done otherwise than have more of them.,I choose charging stations that are conveniently located along my preferred route.,2.0,No impact on my parking habits.,Much more convenient,TS1
Female,25-34,Employed,Some college,"£20,000 - £35,000",Yes - children aged 5 to 10 years old,White,Yes,1,Environmental concerns,Battery EV (exclusively powered by a rechargeable battery),Audi e-tron #,100-200 km,Less than 6 months,Daily,Supercharger (Tesla),Single family house/townhouse with dedicated parking,I do not charge at home,3 to 4,"Work/School, Errands",Home,1 to 3 hours,30km to 50km,20 to 30 minutes.,12pm to 6pm,Somewhat flexible (can be a minor detour),Every day to the week,1 to 3 hours,Mobile app,2km to 3km,DC Charger,Duration of charge.,3km to 6km,3.0,I didn’t have to wait when I arrived,Yes,4.0,"Proximity to my destination, Cost of charging, Safety and security of the location, Amenities available nearby (e.g., restrooms, shops)",Don’t know,Increase the number of charging stations,I choose to charge my vehicle regardless of the cost.,Yes,Increases travel time significantly.,20% - 40%,Make more charging stations,I choose charging stations that are conveniently located along my preferred route.,3.0,No impact on my parking habits.,No difference,TS4
Female,35-44,Self-employed,Bachelor's degree,"£50,001 - £70,000",Yes - children aged under 5 years old,White,Yes,1,Other,Battery EV (exclusively powered by a rechargeable battery),Other (please specify),200-300 km,Less than 6 months,Rarely,CCS (Combined Charging System; or Combo 2; or SAE),Single family house/townhouse with dedicated parking,Standard wall electrical outlet (Level 1),More than 4,"Work/School, Leisure, Errands, Returning Home",Home,1 to 3 hours,10km to 30km,10 to 20 minutes.,6pm to 12am,Somewhat flexible (can be a minor detour),1 to 2 times,More than 6 hours,In-car navigation system,Less than 1km,DC Charger,Duration of charge.,1km to 3km,3.0,Needing to use one and it being available but the car position in the next space meant I could access it.,Yes,5.0,"Proximity to my destination, Availability of fast charging, Safety and security of the location, Amenities available nearby (e.g., restrooms, shops)",An indication of when the charger will become available if in use.,Provide incentives for EV owners to share private charging stations,It is more convenient to charge my vehicle only after ending my trips for the day.,Yes,Slightly increases travel time.,40% - 60%,More accessible for people with disabilities ,I plan my route entirely around charging stations.,4.0,I have to park further from my destination.,Slightly less convenient,NE1
Male,18-24,Student,High school diploma,"Less than £20,000",No children aged 18 or under,"Black / African / Caribbean / Black British, Prefer not to answer",Yes,1,Cost savings,Battery EV (exclusively powered by a rechargeable battery),Toyota Prius,100-200 km,6 months - 1 year,Daily,CCS (Combined Charging System; or Combo 2; or SAE),Rental apartment in high-rise building,I do not charge at home,1 to 2,Work/School,Home,1 to 3 hours,30km to 50km,20 to 30 minutes.,6pm to 12am,Somewhat flexible (can be a minor detour),Every day to the week,1 to 3 hours,Online map,1km to 2km,DC Charger,Availability of charger on-route.,1km to 3km,3.0,"when I got to the charging station the person in front of me had an issue with his car charging pod as it was refusing to charge, i had to wait a while and eventually left and went to another charging station",No,5.0,"Proximity to my destination, Availability of fast charging, Safety and security of the location",It should have more security,Improve reliability and maintenance of existing stations,I charge my vehicle earlier in the day or later at night to avoid peak energy usage hours.,Yes,Increases travel time significantly.,20% - 40%,none for now,I plan my route entirely around charging stations.,4.0,No impact on my parking habits.,Much more convenient,NE1
Male,25-34,Employed,Some college,"£35,001 - £50,000",No children aged 18 or under,White,Yes,1,Technological interest,Battery EV (exclusively powered by a rechargeable battery),Audi e-tron #,300-400 km,Less than 6 months,Monthly,CCS (Combined Charging System; or Combo 2; or SAE),Single family house/townhouse with dedicated parking,Standard wall electrical outlet (Level 1),3 to 4,"Work/School, Leisure, Errands",Home,More than 8 hours,50km to 100km,< 10 minutes.,6pm to 12am,Somewhat flexible (can be a minor detour),Every day to the week,3 to 6 hours,In-car navigation system,1km to 2km,DC Charger,Duration of charge.,1km to 3km,4.0,"When I visited the metrocentre during half term, there were no charging spots left, I had to detour and park in the asda",Yes,3.0,"Proximity to my destination, Cost of charging, Amenities available nearby (e.g., restrooms, shops)",More of them available,Increase the number of charging stations,I charge my vehicle when I need to regardless of peak energy usage hours.,Yes,Slightly increases travel time.,40% - 60%,"Easy to understand and use, clear pricing and restrictions",I choose charging stations that are conveniently located along my preferred route.,4.0,I have to park further from my destination.,Slightly more convenient,NE4
